min_lai,max_lai,mean_lai,median_lai,std_lai,2.5pct_lai,97.5pct_lai,5pct_lai,95pct_lai,year,doy,hour
0.0548,0.1257,0.08602695970695975,0.08496,0.010832952137993665,0.06583625,0.10815,0.0692,0.1045875,2003.0,1.0,0.0
0.0548,0.1257,0.08604005494505494,0.08505,0.010837664589681828,0.06583625,0.10818749999999999,0.0692,0.1045875,2003.0,2.0,0.0
0.0548,0.1257,0.08605391941391938,0.08505,0.010841810388487524,0.06583625,0.10818749999999999,0.0692,0.1045875,2003.0,3.0,0.0
0.0548,0.1257,0.08606703296703294,0.08505,0.010846659672127081,0.06583625,0.10818749999999999,0.0692,0.104675,2003.0,4.0,0.0
0.0548,0.1257,0.08607974358974356,0.08505,0.01085259806243535,0.06583625,0.10818749999999999,0.0692,0.10470499999999999,2003.0,5.0,0.0
0.0548,0.1257,0.08609329670329671,0.08505,0.010858930224730567,0.06583625,0.10819125,0.0692,0.10470499999999999,2003.0,6.0,0.0
0.0548,0.1256,0.08610518315018315,0.08505,0.0108617601959144,0.06583625,0.10819125,0.0692,0.10470499999999999,2003.0,7.0,0.0
0.0548,0.1256,0.08611413919413913,0.08505,0.010866753036267635,0.06583625,0.10819125,0.06919,0.10470499999999999,2003.0,8.0,0.0
0.0548,0.1256,0.08612738095238089,0.085,0.010874851955526064,0.06583625,0.10819125,0.06919,0.10470499999999999,2003.0,9.0,0.0
0.0548,0.1256,0.08614413919413919,0.085,0.010882480208857986,0.06583625,0.10819125,0.06934,0.10470499999999999,2003.0,10.0,0.0
0.0548,0.1256,0.08616241758241758,0.085,0.010889676536151211,0.06583625,0.10819125,0.06952,0.10470499999999999,2003.0,11.0,0.0
0.0548,0.1256,0.0861800366300366,0.085,0.010898894666560648,0.06583625,0.108475,0.06952,0.10470499999999999,2003.0,12.0,0.0
0.0548,0.1256,0.08619873626373627,0.085,0.01090703885411517,0.06583625,0.108625,0.06952,0.10470499999999999,2003.0,13.0,0.0
0.0548,0.1256,0.08621824175824178,0.085,0.010916067167597528,0.06583625,0.108625,0.06952,0.10470499999999999,2003.0,14.0,0.0
0.0548,0.1256,0.08623838827838826,0.085,0.010928977858455684,0.06583625,0.108625,0.06952,0.10507,2003.0,15.0,0.0
0.0548,0.1256,0.08625833333333335,0.085,0.010938745997879112,0.06583625,0.108625,0.06952,0.10507,2003.0,16.0,0.0
0.0548,0.1256,0.08628038461538459,0.08507,0.010951510491874374,0.06583625,0.108625,0.06952,0.10507,2003.0,17.0,0.0
0.0548,0.1256,0.08630194139194135,0.08507,0.010965419618817248,0.06583625,0.108625,0.06952,0.10507,2003.0,18.0,0.0
0.0548,0.1256,0.08632437728937724,0.08507,0.010980461215750567,0.06583625,0.1087125,0.06952,0.10507,2003.0,19.0,0.0
0.0548,0.1256,0.08634879120879119,0.08507,0.010996833355891304,0.06583625,0.109125,0.06952,0.105085,2003.0,20.0,0.0
0.0548,0.1256,0.08637412087912094,0.08507,0.01101447101746315,0.06583625,0.109215,0.06952,0.105085,2003.0,21.0,0.0
0.0548,0.1256,0.08640170329670328,0.08512,0.011034329593161573,0.06583625,0.109215,0.06952,0.105085,2003.0,22.0,0.0
0.0548,0.1256,0.08643098901098899,0.08512,0.011055044069882081,0.06583625,0.109215,0.06952,0.105085,2003.0,23.0,0.0
0.0548,0.1256,0.08645994505494503,0.08512,0.011077957276870509,0.06583625,0.109215,0.06952,0.105095,2003.0,24.0,0.0
0.0548,0.1256,0.0864899267399267,0.08514,0.011102473052637025,0.06583625,0.109215,0.06952,0.105095,2003.0,25.0,0.0
0.0548,0.1256,0.08652342490842492,0.08527,0.011130787033790498,0.06583625,0.109215,0.06952,0.10516,2003.0,26.0,0.0
0.0548,0.1256,0.0865578021978022,0.085325,0.011160738964932887,0.06583625,0.109215,0.06952,0.10519,2003.0,27.0,0.0
0.0548,0.1256,0.08659230769230765,0.085325,0.01119151853600971,0.06583625,0.109215,0.06952,0.10519,2003.0,28.0,0.0
0.0548,0.1256,0.08663005494505498,0.08535999999999999,0.01122806945412702,0.06583625,0.10924625,0.06952,0.1055,2003.0,29.0,0.0
0.0548,0.1256,0.08666935897435897,0.08566499999999999,0.011267697783921971,0.06583625,0.10924625,0.06952,0.1056725,2003.0,30.0,0.0
0.05478,0.126,0.086710347985348,0.0857,0.011311672499726522,0.06583625,0.10924625,0.06952,0.10577249999999999,2003.0,31.0,0.0
0.05478,0.1265,0.08675467032967031,0.0857,0.011360074104185497,0.06583625,0.10924625,0.06952,0.10641250000000001,2003.0,32.0,0.0
0.05478,0.127,0.08680113553113547,0.0857,0.01141198295821012,0.06583625,0.10924625,0.06952,0.10654,2003.0,33.0,0.0
0.05478,0.1282,0.08684985347985343,0.08574999999999999,0.011470329637671318,0.06583625,0.1095525,0.06952,0.1067425,2003.0,34.0,0.0
0.05478,0.13,0.08690144688644687,0.08574999999999999,0.011533533347619881,0.06583625,0.11079750000000001,0.06952,0.10683999999999999,2003.0,35.0,0.0
0.05478,0.1321,0.08695804029304022,0.08574999999999999,0.011606863929629844,0.06583625,0.11233125,0.06952,0.1068175,2003.0,36.0,0.0
0.05478,0.1342,0.08701628205128199,0.085775,0.011684669086289134,0.065925,0.113325,0.06952,0.1068175,2003.0,37.0,0.0
0.05478,0.1364,0.0870767948717948,0.085775,0.011770502136017479,0.06596250000000001,0.11396250000000001,0.06952,0.1068175,2003.0,38.0,0.0
0.05478,0.1388,0.0871428571428571,0.085775,0.01186669676048235,0.066025,0.11496875000000001,0.06952,0.106825,2003.0,39.0,0.0
0.05478,0.1412,0.08721406593406585,0.0858,0.011971482289528252,0.06609999999999999,0.11605,0.06952,0.107195,2003.0,40.0,0.0
0.05478,0.1439,0.08728948717948715,0.08585000000000001,0.012091704113167245,0.0661875,0.11699999999999999,0.06952,0.10736,2003.0,41.0,0.0
0.05478,0.1467,0.08736994505494501,0.08587,0.012222655899790434,0.06625,0.1178525,0.06952,0.10750499999999999,2003.0,42.0,0.0
0.05478,0.1497,0.0874567765567765,0.08592,0.012368702862781517,0.0663125,0.1178975,0.06952,0.107805,2003.0,43.0,0.0
0.05478,0.1528,0.08754838827838828,0.08596999999999999,0.012529658465049966,0.0664525,0.11916875,0.06952,0.1078125,2003.0,44.0,0.0
0.05478,0.1561,0.0876458791208791,0.08606,0.012706595443227046,0.0665775,0.1192625,0.06952,0.10785,2003.0,45.0,0.0
0.05478,0.1597,0.08775172161172157,0.08606,0.01290438572639429,0.0667025,0.1193625,0.06952,0.1081125,2003.0,46.0,0.0
0.05478,0.1635,0.08786432234432227,0.08607999999999999,0.01312511319299498,0.0668275,0.1196875,0.06952,0.10842,2003.0,47.0,0.0
0.05478,0.1674,0.08798413919413917,0.0862,0.013365158912032887,0.066975,0.11997625,0.06952,0.10871499999999999,2003.0,48.0,0.0
0.05478,0.1716,0.08811208791208788,0.08633,0.013633921028269946,0.066975,0.1202875,0.06952,0.10886499999999999,2003.0,49.0,0.0
0.05478,0.176,0.08825005494505499,0.08638000000000001,0.013929044310713491,0.066975,0.12063750000000001,0.069535,0.10958000000000001,2003.0,50.0,0.0
0.05478,0.1808,0.08839923076923081,0.08652499999999999,0.014258860556205979,0.0669975,0.1212175,0.069535,0.10967,2003.0,51.0,0.0
0.05478,0.1858,0.088558717948718,0.08655,0.014620108930590075,0.0669975,0.12241874999999999,0.069535,0.1097075,2003.0,52.0,0.0
0.05478,0.191,0.08873205128205135,0.0866,0.015017974069171894,0.0670125,0.1229,0.069535,0.10986,2003.0,53.0,0.0
0.05478,0.1967,0.08891558608058613,0.08665,0.015457888747117591,0.0670125,0.12366,0.069575,0.11157249999999999,2003.0,54.0,0.0
0.05478,0.2026,0.08911329670329661,0.08673,0.015941789953137976,0.06705,0.125075,0.0698375,0.11319,2003.0,55.0,0.0
0.05478,0.209,0.08932686813186816,0.08673,0.016473360198467422,0.06706875000000001,0.12638749999999999,0.0700325,0.11376249999999999,2003.0,56.0,0.0
0.05478,0.2157,0.08955532967032964,0.08687500000000001,0.017056407464035077,0.06708750000000001,0.127325,0.07005,0.11510000000000001,2003.0,57.0,0.0
0.05478,0.2228,0.08980199633699623,0.0869,0.017693340649712685,0.06711375,0.1283,0.0700875,0.117225,2003.0,58.0,0.0
0.05478,0.2305,0.0900682051282051,0.08710000000000001,0.0183934672508059,0.067125,0.1300375,0.070125,0.118045,2003.0,59.0,0.0
0.05478,0.2384,0.09035382783882778,0.08723,0.019155442214203313,0.0671625,0.1325,0.07017749999999999,0.11815,2003.0,60.0,0.0
0.05478,0.2483,0.09066243589743592,0.08735000000000001,0.0199951253444872,0.06718125,0.13517500000000002,0.0702,0.1199,2003.0,61.0,0.0
0.05478,0.2615,0.09099811355311355,0.08735000000000001,0.02090424687798405,0.0672375,0.1382125,0.0703125,0.1218975,2003.0,62.0,0.0
0.05478,0.276,0.09135992673992674,0.08743000000000001,0.021897596382572965,0.06736500000000001,0.142075,0.070425,0.1229325,2003.0,63.0,0.0
0.05478,0.291,0.09175005494505495,0.0875,0.022972876663552817,0.0675625,0.1462375,0.0705,0.12315000000000001,2003.0,64.0,0.0
0.05478,0.3074,0.0921707509157509,0.087725,0.024140742203047325,0.06776875,0.1507375,0.07052499999999999,0.1247,2003.0,65.0,0.0
0.05478,0.325,0.09262342490842491,0.0878,0.02540810062603641,0.06776875,0.1556375,0.07052499999999999,0.127025,2003.0,66.0,0.0
0.05478,0.3438,0.09311747252747257,0.08795,0.026781796162883707,0.06776875,0.160875,0.07052499999999999,0.129425,2003.0,67.0,0.0
0.05478,0.3638,0.09364943223443216,0.088195,0.02826411296494902,0.06784375000000001,0.166475,0.070635,0.13235,2003.0,68.0,0.0
0.05478,0.385,0.09422309523809527,0.08835000000000001,0.029865739951974845,0.06793,0.172325,0.07100999999999999,0.13442500000000002,2003.0,69.0,0.0
0.05478,0.408,0.09484728937728934,0.08844,0.031599093576254345,0.06809875,0.178175,0.0712,0.1384,2003.0,70.0,0.0
0.05478,0.4324,0.09552168498168492,0.08854999999999999,0.03346704440205078,0.06809875,0.18415,0.071225,0.1426,2003.0,71.0,0.0
0.05478,0.4583,0.09625307692307702,0.08875,0.03547908705192549,0.06809875,0.190475,0.071225,0.14715,2003.0,72.0,0.0
0.05478,0.486,0.0970411538461538,0.088885,0.03763833890525631,0.0680875,0.1970375,0.07124,0.1503,2003.0,73.0,0.0
0.05478,0.5156,0.09789824175824179,0.0891,0.03996828862968094,0.0680875,0.2033375,0.07124,0.15435,2003.0,74.0,0.0
0.05478,0.548,0.09882891941391941,0.08937999999999999,0.04248865402491046,0.0680875,0.21025,0.07125,0.15864999999999999,2003.0,75.0,0.0
0.05475,0.582,0.09983395604395615,0.0895,0.04518605574985779,0.0680875,0.2197875,0.07125,0.163725,2003.0,76.0,0.0
0.05475,0.6177,0.10092267399267409,0.08963,0.048069614936840234,0.0680875,0.230125,0.0714,0.169725,2003.0,77.0,0.0
0.05475,0.6567,0.10210747252747254,0.08988499999999999,0.05118785294754977,0.0680875,0.24130000000000001,0.071725,0.1767,2003.0,78.0,0.0
0.05475,0.6978,0.1033904029304028,0.0904,0.05454127478234465,0.0680875,0.25506249999999997,0.071705,0.18545,2003.0,79.0,0.0
0.05475,0.7417,0.10478608058608056,0.09062,0.05814031059416653,0.068025,0.269775,0.07172,0.19455,2003.0,80.0,0.0
0.05475,0.788,0.10630329670329666,0.09064,0.06199908718277331,0.068025,0.285375,0.07172,0.201675,2003.0,81.0,0.0
0.05475,0.837,0.10794811355311348,0.09092,0.06614579532785173,0.06803624999999999,0.2995625,0.07172,0.210075,2003.0,82.0,0.0
0.05475,0.8877,0.10973113553113559,0.091175,0.07052064090182118,0.0680625,0.314,0.07175000000000001,0.2217,2003.0,83.0,0.0
0.05475,0.942,0.11166785714285708,0.091575,0.07521834704199513,0.0681,0.3293,0.07197500000000001,0.2342,2003.0,84.0,0.0
0.05475,0.999,0.11377397435897428,0.09216,0.08024980824322614,0.0681875,0.34583749999999996,0.0719925,0.2437,2003.0,85.0,0.0
0.05475,1.059,0.11606641025641025,0.09245,0.0856397102348464,0.0682625,0.362875,0.0719925,0.253825,2003.0,86.0,0.0
0.05475,1.122,0.11855390109890113,0.09283,0.09138627831665991,0.06835,0.380675,0.0719925,0.265,2003.0,87.0,0.0
0.05475,1.1875,0.1212502747252747,0.09347,0.09749775611305288,0.06835,0.4022375,0.07197500000000001,0.276625,2003.0,88.0,0.0
0.05475,1.258,0.12418847985347992,0.0938,0.1040979821873752,0.06835,0.42322499999999996,0.07197500000000001,0.289575,2003.0,89.0,0.0
0.05475,1.329,0.12736507326007326,0.09476000000000001,0.11101742828420529,0.06835,0.440975,0.07197500000000001,0.304825,2003.0,90.0,0.0
0.05472,1.404,0.13082075091575088,0.09525,0.118435607026471,0.06835,0.4637625,0.07225000000000001,0.3227,2003.0,91.0,0.0
0.05472,1.482,0.1345631868131869,0.09578,0.12629864414168276,0.068375,0.488025,0.0723375,0.336375,2003.0,92.0,0.0
0.05472,1.564,0.13863630036630034,0.096275,0.13471676222660534,0.0684725,0.5211250000000001,0.0723375,0.35135,2003.0,93.0,0.0
0.05472,1.648,0.14306223443223462,0.097075,0.14367461967150089,0.06863749999999999,0.5569375,0.0723375,0.3792,2003.0,94.0,0.0
0.05472,1.736,0.14785168498168502,0.09784999999999999,0.15320996746894286,0.0686625,0.5892499999999999,0.0723375,0.4077,2003.0,95.0,0.0
0.05472,1.827,0.1530681318681319,0.09885,0.16338820441796192,0.0690125,0.628875,0.07248750000000001,0.4323,2003.0,96.0,0.0
0.05472,1.921,0.15871558608058614,0.10023,0.17422820004453016,0.06989375,0.6613125,0.0727625,0.46625,2003.0,97.0,0.0
0.05472,2.018,0.16486168498168488,0.1013,0.18582037227688178,0.0704225,0.70125,0.0729,0.510875,2003.0,98.0,0.0
0.05472,2.12,0.1715436080586079,0.10275000000000001,0.1982475476104649,0.07065125,0.74375,0.0734375,0.560425,2003.0,99.0,0.0
0.05472,2.225,0.1788262271062272,0.10475000000000001,0.21162888818096562,0.07088749999999999,0.789375,0.07420500000000001,0.59065,2003.0,100.0,0.0
0.05472,2.33,0.1867029853479855,0.1058,0.2257725801841267,0.07125000000000001,0.837625,0.07448,0.6165,2003.0,101.0,0.0
0.05472,2.44,0.19521813186813183,0.1073,0.24076950178139936,0.0713125,0.9130625,0.074615,0.6747,2003.0,102.0,0.0
0.05472,2.55,0.20440820512820518,0.10904,0.25659057509646027,0.0713125,0.9756875,0.0749675,0.7326,2003.0,103.0,0.0
0.05472,2.66,0.21421148351648328,0.11205000000000001,0.2729050848844279,0.0713125,1.0267499999999998,0.075525,0.780775,2003.0,104.0,0.0
0.05472,2.773,0.22483419413919417,0.1142,0.29031154388490227,0.0717125,1.11025,0.0757725,0.849825,2003.0,105.0,0.0
0.05472,2.887,0.23627456043956033,0.117435,0.3086734051790863,0.0716875,1.174375,0.0760625,0.88635,2003.0,106.0,0.0
0.05472,3.0,0.24856868131868112,0.120265,0.32792630705288117,0.071725,1.241875,0.0762375,0.940175,2003.0,107.0,0.0
0.05472,3.117,0.2619738461538462,0.12387000000000001,0.34871064300320975,0.07205,1.322375,0.0764625,0.988325,2003.0,108.0,0.0
0.05472,3.236,0.27651833333333314,0.12890000000000001,0.37097524782580704,0.07205,1.421375,0.07660499999999999,1.0289000000000001,2003.0,109.0,0.0
0.05472,3.355,0.2921812271062272,0.13445000000000001,0.3944703915589312,0.07205,1.545,0.07725,1.0707499999999999,2003.0,110.0,0.0
0.05475,3.477,0.3090936263736262,0.14079999999999998,0.4194077963449164,0.07205,1.646625,0.077625,1.1145,2003.0,111.0,0.0
0.05475,3.596,0.32717450549450544,0.14834999999999998,0.445421499517188,0.07205,1.745125,0.07782499999999999,1.1797499999999999,2003.0,112.0,0.0
0.05475,3.715,0.3465395604395606,0.15615,0.4727273347536534,0.07201250000000001,1.828125,0.077955,1.28125,2003.0,113.0,0.0
0.05475,3.832,0.3672726556776558,0.16570000000000001,0.5013811383069757,0.07201250000000001,1.935625,0.078025,1.347,2003.0,114.0,0.0
0.05478,3.947,0.389354395604396,0.17525,0.531193902540877,0.0726625,2.060625,0.078095,1.42425,2003.0,115.0,0.0
0.05478,4.062,0.4128217948717951,0.18605,0.5621832305493476,0.0732625,2.16925,0.078225,1.54,2003.0,116.0,0.0
0.0548,4.17,0.4375645421245418,0.19655,0.5939014232387556,0.07368125,2.31375,0.0783175,1.647,2003.0,117.0,0.0
0.0548,4.28,0.46398994505494495,0.21095,0.6271864619038023,0.0743625,2.42125,0.078525,1.774,2003.0,118.0,0.0
0.05484,4.39,0.4920230036630039,0.22870000000000001,0.6617298420641926,0.0750875,2.5488750000000002,0.078755,1.91675,2003.0,119.0,0.0
0.0549,4.496,0.5219132234432237,0.24935000000000002,0.6977518568585758,0.07626875,2.76175,0.07904,2.07375,2003.0,120.0,0.0
0.05493,4.598,0.5534780036630036,0.27244999999999997,0.7347160385689852,0.0769625,2.879875,0.079695,2.2292500000000004,2003.0,121.0,0.0
0.055,4.73,0.5867724175824175,0.2968,0.7725442867300761,0.07748875,2.978625,0.080155,2.37925,2003.0,122.0,0.0
0.05502,4.99,0.6218931135531139,0.31745,0.8111073861456399,0.0775125,3.078375,0.081525,2.48375,2003.0,123.0,0.0
0.0551,5.24,0.6587730036630038,0.341,0.8501579568234529,0.0776625,3.175625,0.081705,2.58425,2003.0,124.0,0.0
0.0552,5.48,0.697044450549451,0.3694,0.8886589455015759,0.07819375,3.2853749999999997,0.082265,2.673,2003.0,125.0,0.0
0.0553,5.715,0.7374982967032963,0.39625,0.9277251812650343,0.078725,3.409125,0.0829125,2.7865,2003.0,126.0,0.0
0.05542,5.95,0.7802281318681319,0.423,0.9672676914350645,0.07933125,3.53675,0.08315,2.90475,2003.0,127.0,0.0
0.05554,6.152,0.8231145054945052,0.4538,1.004087239610784,0.07967625,3.6557500000000003,0.08369499999999999,3.0077499999999997,2003.0,128.0,0.0
0.0557,6.47,0.8685400915750922,0.4858,1.0415518680872968,0.08006125,3.771375,0.08395,3.10425,2003.0,129.0,0.0
0.0559,6.78,0.9158386080586081,0.5257000000000001,1.0785681923412025,0.08056250000000001,3.875,0.08449999999999999,3.1942500000000003,2003.0,130.0,0.0
0.05612,7.066,0.9653437728937736,0.5703,1.1154459544066904,0.0813875,4.021875,0.08545,3.29875,2003.0,131.0,0.0
0.0564,7.316,1.0171335347985349,0.61485,1.1521749152588345,0.0818875,4.179875,0.08630499999999999,3.405,2003.0,132.0,0.0
0.0567,7.535,1.0709980769230771,0.6665,1.1884805833605792,0.08237749999999999,4.331875,0.087925,3.5295,2003.0,133.0,0.0
0.05707,7.723,1.1263817216117216,0.7147,1.2238310966296624,0.082725,4.481,0.08853,3.68425,2003.0,134.0,0.0
0.05746,7.88,1.1836176007326016,0.7670999999999999,1.2585720691757305,0.0831125,4.623749999999999,0.0895125,3.8055,2003.0,135.0,0.0
0.05795,8.01,1.2420192673992692,0.8283499999999999,1.2920593477157487,0.083425,4.7402500000000005,0.091175,3.9770000000000003,2003.0,136.0,0.0
0.05853,8.12,1.3004659890109898,0.886,1.32333190998052,0.0837625,4.8313749999999995,0.091775,4.12,2003.0,137.0,0.0
0.0592,8.2,1.3614028021978035,0.9492499999999999,1.3549175033331564,0.08408125,4.9254999999999995,0.0927525,4.303,2003.0,138.0,0.0
0.05997,8.28,1.4222458791208785,1.0135,1.3842875829266195,0.0844625,5.003500000000001,0.09317500000000001,4.424,2003.0,139.0,0.0
0.06085,8.34,1.4857957692307682,1.0975000000000001,1.4142492672266946,0.084685,5.129125,0.09565000000000001,4.53125,2003.0,140.0,0.0
0.0619,8.4,1.5503342124542117,1.1595,1.4429222235662909,0.0850475,5.215625,0.0980825,4.62,2003.0,141.0,0.0
0.06305,8.45,1.615986996336996,1.255,1.4707066840234755,0.0854875,5.290125,0.10141,4.7225,2003.0,142.0,0.0
0.06445,8.49,1.682956575091575,1.3305,1.497823995350672,0.0871375,5.358125,0.104475,4.7875,2003.0,143.0,0.0
0.06604,8.54,1.751469835164836,1.389,1.5246879647463472,0.0874375,5.468,0.10712,4.87375,2003.0,144.0,0.0
0.0678,8.58,1.8209220146520138,1.475,1.5507455018808343,0.08780625,5.61575,0.110675,5.0175,2003.0,145.0,0.0
0.0699,8.62,1.8907876739926734,1.5725,1.5757475161274797,0.09001875000000001,5.755875,0.1151725,5.131,2003.0,146.0,0.0
0.0714,8.65,1.959232967032967,1.642,1.598309108857045,0.09113750000000001,5.842625,0.1197625,5.1885,2003.0,147.0,0.0
0.072,8.67,2.029197216117216,1.748,1.6207400042835611,0.09225625,5.916,0.12445,5.243499999999999,2003.0,148.0,0.0
0.07275,8.71,2.099804761904761,1.831,1.6427463537154905,0.09350625,5.995,0.12985,5.325,2003.0,149.0,0.0
0.0736,8.73,2.164604194139193,1.903,1.6599631133879496,0.097375,6.078125,0.13585,5.38925,2003.0,150.0,0.0
0.0746,8.75,2.2338344322344312,1.9855,1.6790640614435552,0.098985,6.139375,0.14505,5.447,2003.0,151.0,0.0
0.07574,8.77,2.3034457875457877,2.068,1.6975779443692744,0.10128875,6.1925,0.150425,5.49425,2003.0,152.0,0.0
0.0771,8.8,2.372432912087913,2.159,1.7149474122654884,0.10603749999999999,6.234249999999999,0.163375,5.559,2003.0,153.0,0.0
0.07855,8.82,2.438150842490842,2.233,1.729725108141166,0.11061,6.294375,0.18185,5.61725,2003.0,154.0,0.0
0.08014,8.836,2.504878003663,2.3280000000000003,1.7444431057878818,0.1156025,6.374125,0.19194999999999998,5.66025,2003.0,155.0,0.0
0.0821,8.86,2.5720199267399266,2.418,1.7590096889691476,0.121565,6.449875,0.20642500000000003,5.7044999999999995,2003.0,156.0,0.0
0.0844,8.9,2.6387908974358987,2.492,1.7729493392795677,0.129225,6.4937499999999995,0.2227,5.78325,2003.0,157.0,0.0
0.0872,8.93,2.700293937728937,2.5709999999999997,1.7833888584898547,0.13692500000000002,6.52275,0.239325,5.94975,2003.0,158.0,0.0
0.0882,8.97,2.762803388278388,2.645,1.7939985873913775,0.1447375,6.574249999999999,0.2573,6.007,2003.0,159.0,0.0
0.08856,9.0,2.8226466849816845,2.7199999999999998,1.8029320176768222,0.150875,6.618125,0.275225,6.135999999999999,2003.0,160.0,0.0
0.08905,9.04,2.8837576007325962,2.8105,1.81228969945147,0.1643625,6.68125,0.292025,6.2265,2003.0,161.0,0.0
0.0897,9.08,2.944553021978018,2.872,1.8213340605447401,0.18205,6.727125,0.31085,6.2755,2003.0,162.0,0.0
0.0906,9.12,3.0034367948717957,2.949,1.82936768497004,0.1982875,6.785,0.32389999999999997,6.324,2003.0,163.0,0.0
0.0917,9.164,3.0628917032967027,2.989,1.8377587009521539,0.2109,6.913125,0.347825,6.3732500000000005,2003.0,164.0,0.0
0.0932,9.21,3.1222489194139196,3.0665,1.8459854956517978,0.2244875,6.99425,0.36355000000000004,6.4075,2003.0,165.0,0.0
0.0941,9.266,3.1796066849816835,3.1425,1.85381756378912,0.23965,7.077625,0.389475,6.445,2003.0,166.0,0.0
0.09485,9.31,3.2377509157509174,3.183,1.8620728045362933,0.25816249999999996,7.2125,0.404575,6.4875,2003.0,167.0,0.0
0.0958,9.36,3.293143992673996,3.242,1.8693870031902677,0.28154999999999997,7.317375,0.4269,6.52525,2003.0,168.0,0.0
0.097,9.414,3.3492108791208812,3.2925,1.8773619956351002,0.3030125,7.3965,0.4625,6.577500000000001,2003.0,169.0,0.0
0.09845,9.46,3.403350091575089,3.3605,1.8845802922679047,0.323375,7.433,0.4914,6.61275,2003.0,170.0,0.0
0.1003,9.516,3.4544426190476196,3.4139999999999997,1.8908304466387424,0.335175,7.46875,0.512,6.649,2003.0,171.0,0.0
0.1008,9.55,3.5008967032967075,3.4619999999999997,1.8952995803932036,0.3434375,7.4975,0.5580750000000001,6.684,2003.0,172.0,0.0
0.10095,9.58,3.5460755494505496,3.4850000000000003,1.899805852860134,0.3535,7.525625,0.58535,6.735,2003.0,173.0,0.0
0.1011,9.61,3.589139560439562,3.5255,1.9037167187910533,0.364175,7.553,0.608025,6.766,2003.0,174.0,0.0
0.1013,9.64,3.631492857142859,3.5585,1.9078308528500367,0.380125,7.579375,0.633625,6.79925,2003.0,175.0,0.0
0.1017,9.68,3.675635842490843,3.59,1.9130752537294604,0.4023875,7.610125,0.661375,6.845,2003.0,176.0,0.0
0.1022,9.766,3.7189855311355315,3.616,1.918379701189798,0.44158749999999997,7.6405,0.7032499999999999,6.89525,2003.0,177.0,0.0
0.10284,9.93,3.761394578754576,3.648,1.9237099488388476,0.4628,7.67125,0.7162499999999999,6.95275,2003.0,178.0,0.0
0.1038,10.08,3.8028311355311364,3.685,1.9287663750311537,0.4764375,7.7575,0.7536499999999999,7.047499999999999,2003.0,179.0,0.0
0.10516,10.22,3.842973553113552,3.706,1.9337891504294693,0.48876250000000004,7.864999999999999,0.788,7.077999999999999,2003.0,180.0,0.0
0.107,10.35,3.881242307692311,3.754,1.9383645535085798,0.4886875,7.945625000000001,0.8125,7.114,2003.0,181.0,0.0
0.10956,10.48,3.9201850915750867,3.7960000000000003,1.9435559454887026,0.4885,7.9785,0.824075,7.168,2003.0,182.0,0.0
0.113,10.6,3.9581772893772893,3.828,1.9488138335960647,0.499025,8.0425,0.864125,7.218,2003.0,183.0,0.0
0.1176,10.71,3.9919857142857187,3.872,1.9528750183981607,0.5284,8.15375,0.90705,7.260999999999999,2003.0,184.0,0.0
0.1237,10.82,4.0255945054945075,3.923,1.9570373135930352,0.5660000000000001,8.185,0.939325,7.2924999999999995,2003.0,185.0,0.0
0.1318,10.914,4.0566153846153865,3.955,1.9605042443539495,0.6189875,8.208125,0.98525,7.351,2003.0,186.0,0.0
0.1425,11.01,4.085012087912084,3.981,1.963514790687381,0.638625,8.22525,0.995,7.37625,2003.0,187.0,0.0
0.1458,11.09,4.1119183150183085,4.02,1.9661866241683268,0.650375,8.24,1.0227499999999998,7.39625,2003.0,188.0,0.0
0.1456,11.17,4.137990109890113,4.045,1.9688499005725588,0.6501875,8.24975,1.05375,7.41625,2003.0,189.0,0.0
0.1455,11.25,4.166856410256411,4.064,1.972927238191354,0.6508875000000001,8.265,1.0787499999999999,7.44,2003.0,190.0,0.0
0.1454,11.32,4.190644322344318,4.083,1.9750871175060476,0.6511250000000001,8.270624999999999,1.09375,7.45825,2003.0,191.0,0.0
0.1451,11.39,4.213856043956045,4.0969999999999995,1.9774999498741832,0.6530625,8.30725,1.10775,7.47625,2003.0,192.0,0.0
0.1449,11.45,4.239556410256411,4.1165,1.9807002953605575,0.688875,8.34125,1.1207500000000001,7.503,2003.0,193.0,0.0
0.1445,11.52,4.2631379120879105,4.1365,1.9834485519909264,0.7498374999999999,8.3675,1.162,7.53375,2003.0,194.0,0.0
0.1442,11.586,4.286629853479853,4.176,1.9866568854904882,0.765575,8.40375,1.19625,7.5675,2003.0,195.0,0.0
0.1437,11.64,4.307157142857142,4.1985,1.9886662758103006,0.7714375,8.43,1.22625,7.5845,2003.0,196.0,0.0
0.1432,11.695,4.3282926739926735,4.2065,1.9911334143231851,0.7783749999999999,8.45375,1.2345,7.61525,2003.0,197.0,0.0
0.1425,11.75,4.349409157509153,4.2325,1.9940367531576517,0.7846249999999999,8.484,1.2570000000000001,7.6545,2003.0,198.0,0.0
0.1416,11.805,4.368259340659347,4.254,1.9961726753172524,0.8251875,8.51225,1.296125,7.68,2003.0,199.0,0.0
0.1406,11.85,4.387173260073257,4.282500000000001,1.9985034101692136,0.8461125,8.473749999999999,1.3107499999999999,7.705,2003.0,200.0,0.0
0.1395,11.9,4.404622893772893,4.2885,2.0005387861080384,0.85175,8.451875000000001,1.3215,7.73,2003.0,201.0,0.0
0.1382,11.945,4.421397619047619,4.307499999999999,2.00260245562586,0.8581875000000001,8.4725,1.333,7.75525,2003.0,202.0,0.0
0.1367,11.984,4.432308424908421,4.316,2.0030654423718426,0.8627125,8.48625,1.40625,7.77625,2003.0,203.0,0.0
0.135,12.02,4.445627838827836,4.333,2.004578822182566,0.8671375,8.501,1.35125,7.807,2003.0,204.0,0.0
0.133,12.06,4.4566282051282045,4.346,2.005612478601557,0.871375,8.51975,1.3605,7.8325,2003.0,205.0,0.0
0.131,12.1,4.465953296703297,4.349,2.006536676368754,0.875875,8.53225,1.37025,7.833,2003.0,206.0,0.0
0.1285,12.125,4.47029706959707,4.352,2.0061050238934346,0.8789374999999999,8.53625,1.377125,7.852250000000001,2003.0,207.0,0.0
0.0,12.16,4.4773087912087925,4.3675,2.0092674305532876,0.8829625,8.545625,1.3865,7.879,2003.0,208.0,0.0
0.0,12.195,4.483172289377291,4.3725000000000005,2.009978552367036,0.8861875,8.5475,1.39625,7.901999999999999,2003.0,209.0,0.0
0.0,12.21,4.474758791208787,4.375,2.018238696025221,0.8397874999999999,8.566625,1.3835,7.8845,2003.0,210.0,0.0
0.0,12.24,4.475965329670334,4.3425,2.022348306695399,0.656875,8.58125,1.39675,7.9065,2003.0,211.0,0.0
0.0,12.266,4.478627838827841,4.334,2.0234724637407737,0.6595875,8.600625,1.4095,7.925000000000001,2003.0,212.0,0.0
0.0,12.29,4.478422893772892,4.346,2.0243251812352603,0.6622625,8.609375,1.4212500000000001,7.94125,2003.0,213.0,0.0
0.0,12.305,4.476359065934064,4.35,2.0252577480897274,0.6645875,8.5725,1.4335,7.9535,2003.0,214.0,0.0
0.0,12.31,4.472689194139189,4.354,2.0263502320725895,0.66665,8.56625,1.44475,7.9510000000000005,2003.0,215.0,0.0
0.0,12.32,4.46104816849817,4.34,2.0349258628260825,0.46950000000000003,8.563500000000001,1.354,7.96875,2003.0,216.0,0.0
0.0,12.31,4.444400915750918,4.34,2.0409473323194587,0.45615,8.5025,1.32725,7.9727500000000004,2003.0,217.0,0.0
0.0,12.32,4.4349800366300425,4.3420000000000005,2.0474769928392935,0.4285125,8.475,1.307,7.989,2003.0,218.0,0.0
0.0,12.32,4.416893498168498,4.349,2.061664965800686,0.3578625,8.446875,1.17975,7.96475,2003.0,219.0,0.0
0.0,12.3,4.401631227106227,4.335,2.060052861831808,0.3498,8.4575,1.178,7.905,2003.0,220.0,0.0
0.0,12.28,4.3873261904761875,4.334,2.0595044533988465,0.341925,8.47375,1.16825,7.88925,2003.0,221.0,0.0
0.0,12.266,4.372685476190475,4.327,2.059015883683728,0.33442500000000003,8.436250000000001,1.142,7.836,2003.0,222.0,0.0
0.0,12.234,4.352445054945058,4.307499999999999,2.0625850982462803,0.3245,8.36875,1.1005,7.83375,2003.0,223.0,0.0
0.0,12.195,4.317697435897433,4.285,2.0772953655414135,0.263,8.3075,0.9672,7.77825,2003.0,224.0,0.0
0.0,12.16,4.288139194139192,4.252,2.0833685029677897,0.13115000000000002,8.2925,0.9219499999999999,7.757,2003.0,225.0,0.0
0.0,12.1,4.254483333333334,4.23,2.0951329515906565,0.0,8.303125,0.8146,7.737500000000001,2003.0,226.0,0.0
0.0,12.05,4.232652197802201,4.2165,2.0928681911192655,0.0,8.303749999999999,0.80165,7.7475,2003.0,227.0,0.0
0.0,11.984,4.196673919413919,4.1739999999999995,2.0965581674675033,0.0,8.2775,0.747475,7.677,2003.0,228.0,0.0
0.0,11.91,4.125791483516485,4.1365,2.143237146285106,0.0,8.20375,0.12835000000000002,7.64375,2003.0,229.0,0.0
0.0,11.82,4.084069908424905,4.112500000000001,2.1506805376820193,0.0,8.18875,0.0154425,7.62725,2003.0,230.0,0.0
0.0,11.734,4.039499523809523,4.0545,2.1619182866104567,0.0,8.17525,0.0,7.59525,2003.0,231.0,0.0
0.0,11.63,4.008312545787551,4.0415,2.1529090734288823,0.0,8.14,0.0,7.54425,2003.0,232.0,0.0
0.0,11.52,3.938299560439558,3.9455,2.165373765619251,0.0,8.14,0.0,7.462,2003.0,233.0,0.0
0.0,11.414,3.877991391941392,3.909,2.1814704570939014,0.0,8.15375,0.0,7.385999999999999,2003.0,234.0,0.0
0.0,11.28,3.82117838827839,3.862,2.1855929998095434,0.0,8.139999999999999,0.0,7.343,2003.0,235.0,0.0
0.0,11.15,3.7319256410256423,3.7560000000000002,2.19002956134421,0.0,8.02375,0.0,7.330500000000001,2003.0,236.0,0.0
0.0,11.01,3.6588426190476215,3.673,2.204027056252265,0.0,7.96225,0.0,7.245,2003.0,237.0,0.0
0.0,10.87,3.6037359523809496,3.656,2.207590883491665,0.0,7.9,0.0,7.2425,2003.0,238.0,0.0
0.0,10.78,3.538016153846154,3.5755,2.2128622953669628,0.0,7.88625,0.0,7.0565,2003.0,239.0,0.0
0.0,10.79,3.4424591025641007,3.4305000000000003,2.229708103315775,0.0,7.863,0.0,7.0035,2003.0,240.0,0.0
0.0,10.805,3.3679046153846115,3.377,2.232707891903136,0.0,7.8475,0.0,6.997,2003.0,241.0,0.0
0.0,10.83,3.2711669047619036,3.2815000000000003,2.2585870770233782,0.0,7.7145,0.0,6.883749999999999,2003.0,242.0,0.0
0.0,10.85,3.20298073260073,3.232,2.2665286391419897,0.0,7.670375,0.0,6.8405000000000005,2003.0,243.0,0.0
0.0,10.87,3.1047841758241734,3.081,2.2769403574742975,0.0,7.617999999999999,0.0,6.78125,2003.0,244.0,0.0
0.0,10.875,2.9907754945054954,3.005,2.2930650540840523,0.0,7.580375,0.0,6.717499999999999,2003.0,245.0,0.0
0.0,10.88,2.8825814285714286,2.902,2.2995154745226936,0.0,7.565625,0.0,6.641249999999999,2003.0,246.0,0.0
0.0,10.9,2.766967087912088,2.8055000000000003,2.302072318602546,0.0,7.488125,0.0,6.57375,2003.0,247.0,0.0
0.0,10.91,2.6641879120879124,2.67,2.299017468589818,0.0,7.465,0.0,6.504,2003.0,248.0,0.0
0.0,10.914,2.5799282051282044,2.589,2.2962951616473126,0.0,7.440125,0.0,6.4174999999999995,2003.0,249.0,0.0
0.0,10.92,2.4838917582417577,2.497,2.28234454207896,0.0,7.2795,0.0,6.3415,2003.0,250.0,0.0
0.0,10.92,2.3380943223443214,2.2904999999999998,2.2678100277913957,0.0,7.214125,0.0,6.27125,2003.0,251.0,0.0
0.0,10.91,2.2538655677655686,2.082,2.2308173460825755,0.0,7.07625,0.0,6.10775,2003.0,252.0,0.0
0.0,10.875,2.144942857142859,1.904,2.2067147053528364,0.0,7.00325,0.0,5.9995,2003.0,253.0,0.0
0.0,10.83,2.0418465201465184,1.591,2.1869874113556813,0.0,6.78075,0.0,5.9245,2003.0,254.0,0.0
0.0,10.78,1.9558377289377291,1.4064999999999999,2.1549629341935854,0.0,6.6754999999999995,0.0,5.82225,2003.0,255.0,0.0
0.0,10.71,1.874228388278388,1.1469999999999998,2.134038980697773,0.0,6.58375,0.0,5.726,2003.0,256.0,0.0
0.0,10.62,1.7645296703296702,0.67415,2.1018214956369947,0.0,6.413625,0.0,5.608750000000001,2003.0,257.0,0.0
0.0,10.49,1.6960153846153851,0.26134999999999997,2.0707510209338653,0.0,6.18875,0.0,5.513,2003.0,258.0,0.0
0.0,10.33,1.6198534798534807,0.0,2.0417211162695317,0.0,6.03125,0.0,5.4275,2003.0,259.0,0.0
0.0,10.13,1.5182439560439567,0.0,2.0130235513851544,0.0,5.955,0.0,5.37575,2003.0,260.0,0.0
0.0,9.91,1.4510390109890101,0.0,1.9789000406810469,0.0,5.8275,0.0,5.327,2003.0,261.0,0.0
0.0,9.63,1.350432051282051,0.0,1.9149437442232238,0.0,5.68875,0.0,5.209,2003.0,262.0,0.0
0.0,9.33,1.2718298534798524,0.0,1.8716605477457373,0.0,5.536875,0.0,5.03425,2003.0,263.0,0.0
0.0,9.0,1.2026384615384615,0.0,1.8277935686907762,0.0,5.513,0.0,4.923,2003.0,264.0,0.0
0.0,8.63,1.1176692307692309,0.0,1.76704740915672,0.0,5.3365,0.0,4.822,2003.0,265.0,0.0
0.0,8.25,1.0180957875457877,0.0,1.6919210111045657,0.0,5.253625,0.0,4.721,2003.0,266.0,0.0
0.0,7.86,0.9307525641025641,0.0,1.6042029901420058,0.0,5.0975,0.0,4.4544999999999995,2003.0,267.0,0.0
0.0,7.457,0.8565163003663002,0.0,1.536609327179821,0.0,4.978625,0.0,4.325,2003.0,268.0,0.0
0.0,7.066,0.7885902930402929,0.0,1.4768932198197804,0.0,4.722125,0.0,4.19275,2003.0,269.0,0.0
0.0,6.688,0.7226296703296707,0.0,1.41026097658927,0.0,4.65625,0.0,4.095,2003.0,270.0,0.0
0.0,6.332,0.6384478021978017,0.0,1.3245236224355013,0.0,4.504375,0.0,3.657,2003.0,271.0,0.0
0.0,6.004,0.5893831501831501,0.0,1.2709517302962672,0.0,4.35225,0.0,3.5292499999999998,2003.0,272.0,0.0
0.0,5.703,0.5280135531135531,0.0,1.2100356053747763,0.0,4.31075,0.0,3.49775,2003.0,273.0,0.0
0.0,5.434,0.4792950549450552,0.0,1.140906335095804,0.0,4.098375,0.0,3.339,2003.0,274.0,0.0
0.0,5.2,0.4413989010989012,0.0,1.081691849690506,0.0,3.8326249999999997,0.0,3.2022500000000003,2003.0,275.0,0.0
0.0,4.992,0.3947479853479854,0.0,1.0137149115752713,0.0,3.672625,0.0,3.036,2003.0,276.0,0.0
0.0,4.816,0.36731355311355324,0.0,0.9740927861345985,0.0,3.6315,0.0,2.902,2003.0,277.0,0.0
0.0,4.45,0.3120692307692309,0.0,0.8855098870796047,0.0,3.3930000000000002,0.0,2.6237500000000002,2003.0,278.0,0.0
0.0,4.36,0.2797347985347986,0.0,0.833880470653495,0.0,3.2195,0.0,2.493,2003.0,279.0,0.0
0.0,4.277,0.2467373626373626,0.0,0.772608634252,0.0,3.101875,0.0,2.3434999999999997,2003.0,280.0,0.0
0.0,4.2,0.2165893772893772,0.0,0.7234963798320427,0.0,2.919,0.0,2.27025,2003.0,281.0,0.0
0.0,4.125,0.18863956043956043,0.0,0.6692244615772671,0.0,2.685625,0.0,2.05375,2003.0,282.0,0.0
0.0,4.06,0.15329531135531138,0.0,0.5908164844954422,0.0,2.312875,0.0,1.6317499999999998,2003.0,283.0,0.0
0.0,3.996,0.13166501831501834,0.0,0.5415181842005944,0.0,2.224625,0.0,1.18775,2003.0,284.0,0.0
0.0,3.121,0.1047117216117216,0.0,0.4524191508389504,0.0,1.884125,0.0,0.889375,2003.0,285.0,0.0
0.0,3.004,0.09694309523809524,0.0,0.4371826343674032,0.0,1.83925,0.0,0.635225,2003.0,286.0,0.0
0.0,2.912,0.07793369963369964,0.0,0.38601986624716556,0.0,1.638125,0.0,0.0,2003.0,287.0,0.0
0.0,2.883,0.06915329670329669,0.0,0.3595715379921874,0.0,1.420625,0.0,0.0,2003.0,288.0,0.0
0.0,2.852,0.06155714285714285,0.0,0.3385150498928123,0.0,1.21525,0.0,0.0,2003.0,289.0,0.0
0.0,2.822,0.0566937728937729,0.0,0.32503586043182386,0.0,1.132625,0.0,0.0,2003.0,290.0,0.0
0.0,2.793,0.044073809523809536,0.0,0.28626293910254313,0.0,0.38775000000000004,0.0,0.0,2003.0,291.0,0.0
0.0,2.762,0.039669413919413914,0.0,0.2691728770883543,0.0,0.0823125,0.0,0.0,2003.0,292.0,0.0
0.0,2.73,0.027742490842490843,0.0,0.227754578013033,0.0,0.0,0.0,0.0,2003.0,293.0,0.0
0.0,2.7,0.027243589743589747,0.0,0.22423130301635188,0.0,0.0,0.0,0.0,2003.0,294.0,0.0
0.0,2.668,0.026774725274725276,0.0,0.22089387551661546,0.0,0.0,0.0,0.0,2003.0,295.0,0.0
0.0,2.637,0.026322344322344322,0.0,0.21764135799710566,0.0,0.0,0.0,0.0,2003.0,296.0,0.0
0.0,2.604,0.02410238095238095,0.0,0.2106131384895353,0.0,0.0,0.0,0.0,2003.0,297.0,0.0
0.0,2.572,0.02222527472527473,0.0,0.20487685847804482,0.0,0.0,0.0,0.0,2003.0,298.0,0.0
0.0,2.541,0.02087545787545788,0.0,0.20093654816236034,0.0,0.0,0.0,0.0,2003.0,299.0,0.0
0.0,2.508,0.02061721611721612,0.0,0.19847635682071385,0.0,0.0,0.0,0.0,2003.0,300.0,0.0
0.0,2.477,0.02037912087912088,0.0,0.19620554903345527,0.0,0.0,0.0,0.0,2003.0,301.0,0.0
0.0,2.447,0.017261904761904763,0.0,0.18218583892248055,0.0,0.0,0.0,0.0,2003.0,302.0,0.0
0.0,2.416,0.017065018315018315,0.0,0.18013174557768,0.0,0.0,0.0,0.0,2003.0,303.0,0.0
0.0,2.387,0.010527472527472527,0.0,0.14449086881350345,0.0,0.0,0.0,0.0,2003.0,304.0,0.0
0.0,2.355,0.00776007326007326,0.0,0.12889843501656395,0.0,0.0,0.0,0.0,2003.0,305.0,0.0
0.0,2.328,0.007683150183150184,0.0,0.12759628265976306,0.0,0.0,0.0,0.0,2003.0,306.0,0.0
0.0,2.299,0.0076071428571428575,0.0,0.12629494372804978,0.0,0.0,0.0,0.0,2003.0,307.0,0.0
0.0,2.271,0.007531135531135531,0.0,0.12500094657033226,0.0,0.0,0.0,0.0,2003.0,308.0,0.0
0.0,2.244,0.007459706959706961,0.0,0.12378135216636663,0.0,0.0,0.0,0.0,2003.0,309.0,0.0
0.0,2.219,0.007393772893772893,0.0,0.12265590220805955,0.0,0.0,0.0,0.0,2003.0,310.0,0.0
0.0,2.191,0.0073241758241758236,0.0,0.12145944028621464,0.0,0.0,0.0,0.0,2003.0,311.0,0.0
0.0,2.166,0.003967032967032967,0.0,0.09269624267786357,0.0,0.0,0.0,0.0,2003.0,312.0,0.0
0.0,2.143,0.003924908424908425,0.0,0.09171193354508826,0.0,0.0,0.0,0.0,2003.0,313.0,0.0
0.0,2.12,0.0038827838827838828,0.0,0.09072762441231393,0.0,0.0,0.0,0.0,2003.0,314.0,0.0
0.0,2.096,0.003838827838827839,0.0,0.08970051923028777,0.0,0.0,0.0,0.0,2003.0,315.0,0.0
0.0,2.074,0.0037985347985347983,0.0,0.08875900614676287,0.0,0.0,0.0,0.0,2003.0,316.0,0.0
0.0,2.053,0.00376007326007326,0.0,0.0878602891124904,0.0,0.0,0.0,0.0,2003.0,317.0,0.0
0.0,2.033,0.0037234432234432235,0.0,0.08700436812746867,0.0,0.0,0.0,0.0,2003.0,318.0,0.0
0.0,2.014,0.003688644688644688,0.0,0.08619124319169773,0.0,0.0,0.0,0.0,2003.0,319.0,0.0
0.0,1.995,0.0036538461538461542,0.0,0.08537811825592734,0.0,0.0,0.0,0.0,2003.0,320.0,0.0
0.0,1.978,0.0036227106227106226,0.0,0.08465058541865877,0.0,0.0,0.0,0.0,2003.0,321.0,0.0
0.0,1.96,0.0035897435897435897,0.0,0.08388025653213915,0.0,0.0,0.0,0.0,2003.0,322.0,0.0
0.0,1.942,0.0035567765567765565,0.0,0.08310992764561904,0.0,0.0,0.0,0.0,2003.0,323.0,0.0
0.0,1.926,0.0035274725274725273,0.0,0.08242519085760171,0.0,0.0,0.0,0.0,2003.0,324.0,0.0
0.0,0.0,0.0,0.0,0.0,0.0,0.0,0.0,0.0,2003.0,325.0,0.0
0.0,0.0,0.0,0.0,0.0,0.0,0.0,0.0,0.0,2003.0,326.0,0.0
0.0,0.0,0.0,0.0,0.0,0.0,0.0,0.0,0.0,2003.0,327.0,0.0
0.0,0.0,0.0,0.0,0.0,0.0,0.0,0.0,0.0,2003.0,328.0,0.0
0.0,0.0,0.0,0.0,0.0,0.0,0.0,0.0,0.0,2003.0,329.0,0.0
0.0,0.0,0.0,0.0,0.0,0.0,0.0,0.0,0.0,2003.0,330.0,0.0
0.0,0.0,0.0,0.0,0.0,0.0,0.0,0.0,0.0,2003.0,331.0,0.0
0.0,0.0,0.0,0.0,0.0,0.0,0.0,0.0,0.0,2003.0,332.0,0.0
0.0,0.0,0.0,0.0,0.0,0.0,0.0,0.0,0.0,2003.0,333.0,0.0
0.0,0.0,0.0,0.0,0.0,0.0,0.0,0.0,0.0,2003.0,334.0,0.0
0.0,0.0,0.0,0.0,0.0,0.0,0.0,0.0,0.0,2003.0,335.0,0.0
0.0,0.0,0.0,0.0,0.0,0.0,0.0,0.0,0.0,2003.0,336.0,0.0
0.0,0.0,0.0,0.0,0.0,0.0,0.0,0.0,0.0,2003.0,337.0,0.0
0.0,0.0,0.0,0.0,0.0,0.0,0.0,0.0,0.0,2003.0,338.0,0.0
0.0,0.0,0.0,0.0,0.0,0.0,0.0,0.0,0.0,2003.0,339.0,0.0
0.0,0.0,0.0,0.0,0.0,0.0,0.0,0.0,0.0,2003.0,340.0,0.0
0.0,0.0,0.0,0.0,0.0,0.0,0.0,0.0,0.0,2003.0,341.0,0.0
0.0,0.0,0.0,0.0,0.0,0.0,0.0,0.0,0.0,2003.0,342.0,0.0
0.0,0.0,0.0,0.0,0.0,0.0,0.0,0.0,0.0,2003.0,343.0,0.0
0.0,0.0,0.0,0.0,0.0,0.0,0.0,0.0,0.0,2003.0,344.0,0.0
0.0,0.0,0.0,0.0,0.0,0.0,0.0,0.0,0.0,2003.0,345.0,0.0
0.0,0.0,0.0,0.0,0.0,0.0,0.0,0.0,0.0,2003.0,346.0,0.0
0.0,0.0,0.0,0.0,0.0,0.0,0.0,0.0,0.0,2003.0,347.0,0.0
0.0,0.0,0.0,0.0,0.0,0.0,0.0,0.0,0.0,2003.0,348.0,0.0
0.0,0.0,0.0,0.0,0.0,0.0,0.0,0.0,0.0,2003.0,349.0,0.0
0.0,0.0,0.0,0.0,0.0,0.0,0.0,0.0,0.0,2003.0,350.0,0.0
0.0,0.0,0.0,0.0,0.0,0.0,0.0,0.0,0.0,2003.0,351.0,0.0
0.0,0.0,0.0,0.0,0.0,0.0,0.0,0.0,0.0,2003.0,352.0,0.0
0.0,0.0,0.0,0.0,0.0,0.0,0.0,0.0,0.0,2003.0,353.0,0.0
0.0,0.0,0.0,0.0,0.0,0.0,0.0,0.0,0.0,2003.0,354.0,0.0
0.0,0.0,0.0,0.0,0.0,0.0,0.0,0.0,0.0,2003.0,355.0,0.0
0.0,0.0,0.0,0.0,0.0,0.0,0.0,0.0,0.0,2003.0,356.0,0.0
0.0,0.0,0.0,0.0,0.0,0.0,0.0,0.0,0.0,2003.0,357.0,0.0
0.0,0.0,0.0,0.0,0.0,0.0,0.0,0.0,0.0,2003.0,358.0,0.0
0.0,0.0,0.0,0.0,0.0,0.0,0.0,0.0,0.0,2003.0,359.0,0.0
0.0,0.0,0.0,0.0,0.0,0.0,0.0,0.0,0.0,2003.0,360.0,0.0
0.0,0.0,0.0,0.0,0.0,0.0,0.0,0.0,0.0,2003.0,361.0,0.0
0.0,0.0,0.0,0.0,0.0,0.0,0.0,0.0,0.0,2003.0,362.0,0.0
0.0,0.0,0.0,0.0,0.0,0.0,0.0,0.0,0.0,2003.0,363.0,0.0
0.0,0.0,0.0,0.0,0.0,0.0,0.0,0.0,0.0,2003.0,364.0,0.0
0.0,0.0,0.0,0.0,0.0,0.0,0.0,0.0,0.0,2003.0,365.0,0.0
0.0,0.0,0.0,0.0,0.0,0.0,0.0,0.0,0.0,2004.0,1.0,0.0
0.0,0.0008483,1.4886886446886438e-05,1e-07,6.235581456237699e-05,0.0,0.0001512625,0.0,7.68825e-05,2004.0,2.0,0.0
0.0,0.001721,3.0102765567765554e-05,2e-07,0.00012635938604074694,0.0,0.000306375,0.0,0.00015355000000000002,2004.0,3.0,0.0
0.0,0.002619,4.567212454212452e-05,3e-07,0.00019210299137423006,0.0,0.0004652625,0.0,0.000230125,2004.0,4.0,0.0
0.0,0.003546,6.163434065934063e-05,3.6e-07,0.0002597708023285301,0.0,0.00062835,0.0,0.0003067,2004.0,5.0,0.0
0.0,0.0045,7.800205128205131e-05,5e-07,0.00032938059264002467,0.0,0.0007964000000000001,0.0,0.000383475,2004.0,6.0,0.0
0.0,0.005486,9.482815018315029e-05,6e-07,0.0004012129471779017,0.0,0.0009689375,0.0,0.0004625,2004.0,7.0,0.0
0.0,0.006504,0.00011214287545787556,7e-07,0.00047532173822355494,0.0,0.001147625,0.0,0.0005455,2004.0,8.0,0.0
0.0,0.007557,0.0001299714652014652,8.3e-07,0.0005518801705666171,0.0,0.0013305,0.0,0.0006399999999999999,2004.0,9.0,0.0
0.0,0.008644,0.0001483667216117216,9.5e-07,0.0006310081741118891,0.0,0.001520375,0.0,0.000740125,2004.0,10.0,0.0
0.0,0.009766,0.00016736098901098915,1.1e-06,0.0007129088003042996,0.0,0.0017156250000000001,0.0,0.00084605,2004.0,11.0,0.0
0.0,0.01093,0.00018700970695970716,1.2e-06,0.000797735434937637,0.0,0.0019195,0.0,0.000957925,2004.0,12.0,0.0
0.0,0.012146,0.00020735670329670347,1.4e-06,0.0008859578028948182,0.0,0.002129125,0.0,0.0010726499999999999,2004.0,13.0,0.0
0.0,0.0134,0.00022844613553113554,1.5e-06,0.0009773337191737686,0.0,0.002347125,0.0,0.0011823749999999998,2004.0,14.0,0.0
0.0,0.014694,0.0002503209523809523,1.67e-06,0.0010721861414213368,0.0,0.002573125,0.0,0.0012980000000000001,2004.0,15.0,0.0
0.0,0.01605,0.0002730990476190478,1.8249999999999999e-06,0.0011711953351821775,0.0,0.002808125,0.0,0.001418,2004.0,16.0,0.0
0.0,0.01746,0.00029678120879120896,2e-06,0.0012742538529587366,0.0,0.003063125,0.0,0.0015429999999999999,2004.0,17.0,0.0
0.0,0.0189,0.00032136106227106226,2.1750000000000004e-06,0.001380763690798635,0.0,0.00333725,0.0,0.001663625,2004.0,18.0,0.0
0.0,0.02043,0.0003471286263736262,2.35e-06,0.0014929628525927152,0.0,0.00362625,0.0,0.00178925,2004.0,19.0,0.0
0.0,0.02202,0.00037398976190476196,2.5300000000000003e-06,0.0016098749230957648,0.0,0.003925,0.0,0.00191975,2004.0,20.0,0.0
0.0,0.02365,0.0004019634981684985,2.7200000000000002e-06,0.001731087321190699,0.0,0.004214875,0.0,0.00205375,2004.0,21.0,0.0
0.0,0.02538,0.00043135106227106256,2.9e-06,0.0018589677645488932,0.0,0.004519375,0.0,0.00219375,2004.0,22.0,0.0
0.0,0.02716,0.0004620666300366301,3.1e-06,0.001991931159005378,0.0,0.00483875,0.0,0.00234,2004.0,23.0,0.0
0.0,0.02904,0.0004942857509157509,3.4e-06,0.0021317793162336793,0.0,0.00516875,0.0,0.00249075,2004.0,24.0,0.0
0.0,0.03098,0.0005281141025641029,3.6499999999999998e-06,0.002277678944501233,0.0,0.005509875,0.0,0.002663,2004.0,25.0,0.0
0.0,0.03302,0.000563695347985348,3.9499999999999995e-06,0.0024314579743616696,0.0,0.00585625,0.0,0.002859,2004.0,26.0,0.0
0.0,0.03516,0.0006010754212454212,4.3e-06,0.0025925509997045846,0.0,0.0062162499999999996,0.0,0.0030784999999999996,2004.0,27.0,0.0
0.0,0.03738,0.000640391831501832,4.825e-06,0.002761465574524047,0.0,0.006586875,0.0,0.00331075,2004.0,28.0,0.0
0.0,0.0397,0.0006819215018315026,5.3e-06,0.0029392034646849633,0.0,0.006974375,0.0,0.00356025,2004.0,29.0,0.0
0.0,0.04214,0.0007255817032967041,5.75e-06,0.0031258888342998625,0.0,0.007385625,0.0,0.00382025,2004.0,30.0,0.0
0.0,0.0447,0.0007718104761904766,6.37e-06,0.003322820595200499,0.0,0.00791,0.0,0.004047,2004.0,31.0,0.0
0.0,0.04736,0.0008205952380952389,7.075e-06,0.003529847901773022,0.0,0.008393125000000001,0.0,0.00433725,2004.0,32.0,0.0
0.0,0.05017,0.0008722216483516483,7.834999999999999e-06,0.003748182253115169,0.0,0.0088325,0.0,0.00464525,2004.0,33.0,0.0
0.0,0.0531,0.0009269073809523813,8.5e-06,0.0039783839230072456,0.0,0.00937,0.0,0.004955,2004.0,34.0,0.0
0.0,0.05618,0.00098474847985348,9.3e-06,0.004220894002831315,0.0,0.00993025,0.0,0.0051935,2004.0,35.0,0.0
0.0,0.05942,0.0010461686263736267,1.0165e-05,0.004477252488999301,0.0,0.01053125,0.0,0.00544725,2004.0,36.0,0.0
0.0,0.0628,0.0011112700000000006,1.11e-05,0.004747362777925325,0.0,0.01116,0.0,0.005844,2004.0,37.0,0.0
0.0,0.06635,0.0011805215934065933,1.1969999999999999e-05,0.005033753989059342,0.0,0.0118275,0.0,0.00630125,2004.0,38.0,0.0
0.0,0.0701,0.0012540900915750908,1.2825e-05,0.005336240700949939,0.0,0.012525,0.0,0.006792,2004.0,39.0,0.0
0.0,0.07404,0.0013323795238095234,1.41e-05,0.005655993626526751,0.0,0.01333,0.0,0.0073265,2004.0,40.0,0.0
0.0,0.0782,0.0014156692673992677,1.497e-05,0.005995046961932219,0.0,0.01427375,0.0,0.0077075,2004.0,41.0,0.0
0.0,0.0825,0.001504412014652014,1.6275e-05,0.006352578191816228,0.0,0.01528875,0.0,0.00809,2004.0,42.0,0.0
0.0,0.08704,0.0015990937179487174,1.8469999999999998e-05,0.00673182416381206,0.0,0.0162325,0.0,0.0084875,2004.0,43.0,0.0
0.0,0.09186,0.0017001447252747244,1.9975e-05,0.007134562161855376,0.0,0.0172325,0.0,0.0089025,2004.0,44.0,0.0
0.0,0.0969,0.0018080249999999998,2.108e-05,0.007560761038455442,0.0,0.01828125,0.0,0.009344,2004.0,45.0,0.0
0.0,0.1022,0.0019232708058608062,2.27e-05,0.008012991075650027,0.0,0.01930625,0.0,0.00980875,2004.0,46.0,0.0
0.0,0.1078,0.0020464543772893778,2.4529999999999997e-05,0.00849288764293349,0.0,0.0203875,0.0,0.01034875,2004.0,47.0,0.0
0.0,0.11365,0.002178326666666668,2.6795e-05,0.009001376495630542,0.0,0.02154625,0.0,0.011175500000000001,2004.0,48.0,0.0
0.0,0.1198,0.0023193834065934078,2.91e-05,0.009541791743865841,0.0,0.02274875,0.0,0.0121005,2004.0,49.0,0.0
0.0,0.1263,0.002470741263736264,3.075e-05,0.010116345410398686,0.0,0.0240575,0.0,0.013134999999999999,2004.0,50.0,0.0
0.0,0.1332,0.002632734706959708,3.3575e-05,0.01072627782486975,0.0,0.025611250000000002,0.0,0.014273999999999998,2004.0,51.0,0.0
0.0,0.1404,0.00280656534798535,3.635e-05,0.011374455358879473,0.0,0.027373750000000002,0.0,0.015519999999999999,2004.0,52.0,0.0
0.0,0.148,0.0029928757875457845,3.9785e-05,0.012062664935238006,0.0,0.029065,0.0,0.016884999999999997,2004.0,53.0,0.0
0.0,0.156,0.0031935484065934044,4.565e-05,0.012796996254311988,0.0,0.0306625,0.0,0.018366,2004.0,54.0,0.0
0.0,0.1644,0.003408745860805861,5.1149999999999996e-05,0.013576038503873256,0.0,0.03238,0.0,0.0199875,2004.0,55.0,0.0
0.0,0.1732,0.003640043351648352,6.0055e-05,0.014403231779062007,0.0,0.034205,0.0,0.021575,2004.0,56.0,0.0
0.0,0.1825,0.00388851,6.544999999999999e-05,0.015282610214789681,0.0,0.0361875,0.0,0.0227175,2004.0,57.0,0.0
0.0,0.1924,0.004156532802197805,7.1735e-05,0.016224325031204318,0.0,0.03848875,0.0,0.023985,2004.0,58.0,0.0
0.0,0.2026,0.004444403443223441,7.87e-05,0.01721889432798148,0.0,0.04093625,0.0,0.025349999999999998,2004.0,59.0,0.0
0.0,0.2135,0.004755226813186811,8.542e-05,0.018283922828772503,0.0,0.0435725,0.0,0.0268075,2004.0,60.0,0.0
0.0,0.225,0.0050896967032967024,9.49e-05,0.019417462873309237,0.0,0.0463625,0.0,0.028354999999999998,2004.0,61.0,0.0
0.0,0.2369,0.005449691428571431,0.000108035,0.020616720193120584,0.0,0.04937875,0.0,0.0300325,2004.0,62.0,0.0
0.0,0.2496,0.005838622967032969,0.00011924,0.02190021956583456,0.0,0.05259375,0.0,0.03229750000000001,2004.0,63.0,0.0
0.0,0.263,0.006258811959706967,0.00013385,0.023270322213885912,0.0,0.05614875,0.0,0.0353875,2004.0,64.0,0.0
0.0,0.2769,0.006711806245421246,0.00015185,0.02472476639217645,0.0,0.0606375,0.0,0.038775,2004.0,65.0,0.0
0.0,0.2915,0.007200663095238092,0.0001706,0.026271912600008815,0.0,0.0654525,0.0,0.042545,2004.0,66.0,0.0
0.0,0.3071,0.00772923948717948,0.00018895,0.027928030430808888,0.0,0.07065,0.0,0.0466225,2004.0,67.0,0.0
0.0,0.3232,0.008299579120879119,0.00021145,0.029681684965898538,0.0,0.07592625,0.0,0.049925,2004.0,68.0,0.0
0.0,0.3403,0.008916767875457875,0.00023935,0.03155646090341842,0.0,0.0816625,0.0,0.0533925,2004.0,69.0,0.0
0.0,0.3582,0.009583984560439561,0.00026765000000000003,0.03355222835063806,0.0,0.0878525,0.0,0.0578775,2004.0,70.0,0.0
0.0,0.3767,0.010305845347985346,0.000304,0.03567579661741277,0.0,0.0954875,0.0,0.06274500000000001,2004.0,71.0,0.0
0.0,0.3965,0.01108616626373626,0.000342,0.03793462309960912,0.0,0.10423500000000001,0.0,0.068075,2004.0,72.0,0.0
0.0,0.417,0.011931686630036646,0.0003916,0.04034808257543606,0.0,0.11335625,0.0,0.07244,2004.0,73.0,0.0
0.0,0.4385,0.01284605283882784,0.0004378,0.0429089114665125,0.0,0.12330875,0.0,0.07755,2004.0,74.0,0.0
0.0,0.461,0.01383628862637363,0.0005,0.04563739681493629,0.0,0.13288750000000002,0.0,0.0830625,2004.0,75.0,0.0
0.0,0.4846,0.014910796410256411,0.0005785,0.04855050110613753,0.0,0.1427,0.0,0.08829000000000001,2004.0,76.0,0.0
0.0,0.5093,0.01607278648351649,0.0006529999999999999,0.05164446608926031,0.0,0.1529875,0.0,0.09385,2004.0,77.0,0.0
0.0,0.536,0.017335717912087902,0.0007379,0.05496233515901275,0.0,0.16415000000000002,0.0,0.102475,2004.0,78.0,0.0
0.0,0.564,0.01870459142857143,0.0008305000000000001,0.058503736182885346,0.0,0.176075,0.0,0.1121625,2004.0,79.0,0.0
0.0,0.593,0.020192036758241785,0.0009367,0.062283334673673446,0.0,0.1889125,0.0,0.1198275,2004.0,80.0,0.0
0.0,0.623,0.021802697747252745,0.0010409999999999998,0.06629647565199767,0.0,0.2026875,0.0,0.1279,2004.0,81.0,0.0
0.0,0.655,0.023551789761904748,0.0011825,0.07058684068431044,0.0,0.217425,0.0,0.138275,2004.0,82.0,0.0
0.0,0.688,0.025447500128205146,0.0013325,0.07514117430955589,0.0,0.233275,0.0,0.149,2004.0,83.0,0.0
0.0,0.723,0.027506669505494505,0.0015170000000000001,0.08001028080156257,0.0,0.250375,0.0,0.159625,2004.0,84.0,0.0
0.0,0.76,0.029742689413919415,0.0017135000000000002,0.08520754843905458,0.0,0.2684375,0.0,0.16970000000000002,2004.0,85.0,0.0
0.0,0.799,0.03216299523809524,0.0019575,0.0906737031456736,0.0,0.288025,0.0,0.18180000000000002,2004.0,86.0,0.0
0.0,0.844,0.034787855641025614,0.002237,0.09648218943520352,0.0,0.3088875,0.0,0.198275,2004.0,87.0,0.0
0.0,0.8926,0.03764715401098901,0.00257,0.10273626882758806,0.0,0.3313625,6e-08,0.21234999999999998,2004.0,88.0,0.0
0.0,0.9434,0.040747968498168474,0.002947,0.10937887518344065,0.0,0.3552,6e-08,0.2288,2004.0,89.0,0.0
0.0,0.9966,0.04412379683150183,0.0033725,0.11650013180744939,0.0,0.3806875,6e-08,0.2488,2004.0,90.0,0.0
0.0,1.053,0.04779022963369964,0.003843,0.12410463535404637,0.0,0.407875,6e-08,0.26587500000000003,2004.0,91.0,0.0
0.0,1.111,0.05177870769230766,0.0044375000000000005,0.13223587363193107,0.0,0.437025,6.999999999999999e-08,0.283925,2004.0,92.0,0.0
0.0,1.172,0.05610141364468863,0.005148,0.14086406748607253,0.0,0.468175,1e-07,0.30555,2004.0,93.0,0.0
0.0,1.236,0.060792463663003615,0.0060079999999999995,0.15005263974564226,0.0,0.50125,2e-07,0.33182500000000004,2004.0,94.0,0.0
0.0,1.302,0.06588357393772908,0.006954999999999999,0.15984936051638593,0.0,0.5371875,2.4e-07,0.36335,2004.0,95.0,0.0
0.0,1.371,0.07141842258241755,0.007984999999999999,0.1703254245743058,0.0,0.5764375,3e-07,0.39895,2004.0,96.0,0.0
0.0,1.443,0.07743522630036619,0.00912,0.181550414502167,0.0,0.6194999999999999,3.7e-07,0.437525,2004.0,97.0,0.0
0.0,1.518,0.08393486923076916,0.010415,0.19339698669392894,0.0,0.6777625,5.25e-07,0.47909999999999997,2004.0,98.0,0.0
0.0,1.595,0.09098520904761903,0.01188,0.2060204884406974,3.75e-08,0.7409,6.499999999999999e-07,0.5263,2004.0,99.0,0.0
0.0,1.672,0.09858926836996339,0.013713,0.2193109862712391,6e-08,0.807975,7.75e-07,0.57485,2004.0,100.0,0.0
0.0,1.753,0.10683094324175818,0.015765,0.2335064799926437,6e-08,0.8744125,1.0625e-06,0.636275,2004.0,101.0,0.0
0.0,1.836,0.11574499329670328,0.017895,0.2485855496018656,8.5e-08,0.9325625,1.3625e-06,0.690375,2004.0,102.0,0.0
0.0,1.922,0.12540139413919416,0.02017,0.2646897906057227,1.6249999999999998e-07,0.9838749999999999,1.735e-06,0.745,2004.0,103.0,0.0
0.0,2.012,0.13586513609890116,0.022269999999999998,0.2819212546558692,1.8749999999999998e-07,1.0403125,2.225e-06,0.810125,2004.0,104.0,0.0
0.0,2.102,0.1471018456227107,0.025634999999999998,0.30000534560708925,3e-07,1.123875,2.95e-06,0.88585,2004.0,105.0,0.0
0.0,2.193,0.15918148609890098,0.029475,0.31906132373061313,4.0249999999999996e-07,1.193625,3.8625e-06,0.966175,2004.0,106.0,0.0
0.0,2.285,0.1721389675274724,0.033420000000000005,0.33904998505586326,4.875e-07,1.294875,4.9625e-06,1.041,2004.0,107.0,0.0
0.0,2.38,0.1861274284249085,0.038114999999999996,0.3603283483944807,6.499999999999999e-07,1.3820000000000001,6.425e-06,1.11775,2004.0,108.0,0.0
0.0,2.479,0.20116894465201482,0.04325,0.3828008664854742,7.9625e-07,1.4665000000000001,8.275000000000001e-06,1.19825,2004.0,109.0,0.0
0.0,2.576,0.2173565090293041,0.04875,0.40651782418688137,1.08125e-06,1.552125,1.0575e-05,1.261,2004.0,110.0,0.0
0.0,2.678,0.23474707382783885,0.05505,0.4315653908739367,1.375e-06,1.6486874999999999,1.2965e-05,1.344,2004.0,111.0,0.0
0.0,2.781,0.25340130128205135,0.0625,0.45788902724879793,1.8374999999999998e-06,1.75675,1.5475e-05,1.4385,2004.0,112.0,0.0
0.0,2.885,0.2733470069597068,0.07,0.485407792667144,2.38125e-06,1.833375,1.8595e-05,1.53425,2004.0,113.0,0.0
0.0,2.99,0.2946277412087913,0.0786,0.5140220358171628,2.9775e-06,1.93975,2.4405e-05,1.625,2004.0,114.0,0.0
0.0,3.096,0.31740101822344324,0.0877,0.543921851781011,3.6025000000000002e-06,2.050875,3.055e-05,1.72675,2004.0,115.0,0.0
0.0,3.197,0.34130115690476215,0.09895,0.5741162165569648,4.44375e-06,2.1713750000000003,3.8664999999999997e-05,1.82,2004.0,116.0,0.0
0.0,3.355,0.3670033154761906,0.109865,0.606028035053466,5.62625e-06,2.28575,4.93225e-05,1.911,2004.0,117.0,0.0
0.0,3.613,0.3943812710622709,0.12285,0.6391600198845121,7.2125e-06,2.423,6.315e-05,1.9655,2004.0,118.0,0.0
0.0,3.873,0.4233634778021979,0.13545000000000001,0.6730716102593286,9.59375e-06,2.5471250000000003,7.932499999999999e-05,2.03525,2004.0,119.0,0.0
0.0,4.13,0.45360017930402946,0.1527,0.7070647614451059,1.256375e-05,2.6654999999999998,9.928e-05,2.131,2004.0,120.0,0.0
0.0,4.39,0.48569103042124534,0.16885,0.7420687092845213,1.589e-05,2.784,0.000125975,2.264,2004.0,121.0,0.0
0.0,4.65,0.5195505152564105,0.18685000000000002,0.7778336528029689,2.009375e-05,2.9085,0.00016822499999999998,2.35375,2004.0,122.0,0.0
0.0,4.906,0.5552430332417587,0.20665,0.814234747094548,2.6075e-05,3.0295,0.0002209,2.43425,2004.0,123.0,0.0
0.0,5.16,0.5929907467399271,0.2304,0.8514470427171275,3.40625e-05,3.125,0.00027485,2.52575,2004.0,124.0,0.0
0.0,5.402,0.6320721862820514,0.25545,0.8881720010803441,4.4525e-05,3.2345,0.00037845,2.6305,2004.0,125.0,0.0
0.0,5.633,0.6727586433516481,0.2831,0.9247281696000682,5.83e-05,3.3945000000000003,0.0005097249999999999,2.743,2004.0,126.0,0.0
0.0,5.855,0.7153625035714287,0.3161,0.96163131129878,7.411875e-05,3.5325,0.000677575,2.832,2004.0,127.0,0.0
0.0,6.07,0.7599741081501846,0.34819999999999995,0.9987502743918981,9.32e-05,3.677625,0.000893225,2.95325,2004.0,128.0,0.0
0.0,6.273,0.8065449891025641,0.38615,1.035918084357221,0.00011713999999999999,3.8375,0.00113425,3.09525,2004.0,129.0,0.0
0.0,6.465,0.8548311959340655,0.42464999999999997,1.0727611020352978,0.0001470025,3.982625,0.00143975,3.223,2004.0,130.0,0.0
0.0,6.64,0.9042813661721609,0.4668,1.1084950199320704,0.000190925,4.101125000000001,0.001867,3.4035,2004.0,131.0,0.0
0.0,6.805,0.9558959477838832,0.5083,1.1446946062922598,0.0002487375,4.201125,0.0022895,3.4725,2004.0,132.0,0.0
0.0,6.96,1.009553522197802,0.556,1.1808673047441083,0.00032412500000000003,4.2875,0.00273925,3.5317499999999997,2004.0,133.0,0.0
0.0,7.1,1.0646339967765566,0.6205,1.2162849867685492,0.00042225,4.3945,0.00333875,3.61375,2004.0,134.0,0.0
0.0,7.23,1.1214134158424913,0.66795,1.251404139358948,0.0005496499999999999,4.52325,0.004064,3.72025,2004.0,135.0,0.0
0.0,7.35,1.1794624812454202,0.7264999999999999,1.2856458556697694,0.0007153750000000001,4.5981250000000005,0.004942,3.8525,2004.0,136.0,0.0
0.0,7.46,1.2390400741758232,0.8000499999999999,1.3196149965850112,0.0009438625,4.664,0.006002,3.95175,2004.0,137.0,0.0
0.0,7.566,1.3005971623443222,0.865,1.353393395812658,0.001167875,4.725750000000001,0.00721875,4.0395,2004.0,138.0,0.0
0.0,7.664,1.3637396588095247,0.938,1.3867325768977865,0.001413875,4.787625,0.00857,4.128,2004.0,139.0,0.0
0.0,7.76,1.4288745702014651,1.01025,1.4199388687279977,0.0017268125,4.931125,0.01017875,4.21575,2004.0,140.0,0.0
0.0,7.85,1.4949990069780217,1.0745,1.4526227464257866,0.0021086250000000003,4.984875000000001,0.012352499999999999,4.30575,2004.0,141.0,0.0
0.0,7.93,1.5605640483882774,1.1505,1.4830516207694409,0.0025573749999999998,5.030625000000001,0.014548750000000001,4.401249999999999,2004.0,142.0,0.0
0.0,8.01,1.627726471794871,1.2255,1.513404465617734,0.0030775,5.076125,0.0166925,4.504,2004.0,143.0,0.0
0.0,8.08,1.6950610089010991,1.3119999999999998,1.5422101242098918,0.0036987499999999998,5.11825,0.0190875,4.635,2004.0,144.0,0.0
0.0,8.14,1.7627607973626378,1.3889999999999998,1.569832574014622,0.004398875,5.18125,0.0217725,4.737,2004.0,145.0,0.0
0.0,8.195,1.8297061744139196,1.4625,1.595682668868174,0.005284875,5.286125,0.025215,4.79225,2004.0,146.0,0.0
0.0,8.25,1.8976958580219783,1.5375,1.621179487922346,0.006358875,5.472125,0.0285175,4.87975,2004.0,147.0,0.0
0.0,8.29,1.9620901886630038,1.6105,1.6427421332303391,0.007847749999999999,5.6025,0.0316875,4.994249999999999,2004.0,148.0,0.0
0.0,8.336,2.0295390585531163,1.7080000000000002,1.6655906182004219,0.00994875,5.656499999999999,0.03566,5.116,2004.0,149.0,0.0
0.0,8.39,2.098397534505495,1.8065,1.6886318492009829,0.011439999999999999,5.709875,0.040655,5.191,2004.0,150.0,0.0
0.0,8.42,2.1609568181868117,1.8775,1.7063944223971073,0.014772500000000001,5.746875,0.049795,5.26,2004.0,151.0,0.0
6e-08,8.45,2.223134264578756,1.937,1.7229830836896372,0.01819125,5.7852500000000004,0.059685,5.323,2004.0,152.0,0.0
6e-08,8.484,2.2853720183333355,2.0060000000000002,1.739072893824891,0.020995,5.840125,0.064815,5.367,2004.0,153.0,0.0
1e-07,8.51,2.346306274285716,2.0869999999999997,1.7535743709587657,0.02493,5.89,0.072255,5.4315,2004.0,154.0,0.0
2e-07,8.555,2.410881669688643,2.149,1.7700887824000302,0.02953,5.9695,0.0842275,5.50425,2004.0,155.0,0.0
3e-07,8.61,2.4761111595238092,2.202,1.7865199534851912,0.03543,6.068125,0.0953875,5.61825,2004.0,156.0,0.0
5e-07,8.66,2.540580268498169,2.25,1.801948587243595,0.043094999999999994,6.1552500000000006,0.11152500000000001,5.704,2004.0,157.0,0.0
8e-07,8.71,2.6041435556776555,2.314,1.8164299485734359,0.052295,6.249750000000001,0.131,5.85425,2004.0,158.0,0.0
1.2e-06,8.73,2.6585607089743597,2.38,1.825211126396077,0.061642499999999996,6.32275,0.14995,5.9185,2004.0,159.0,0.0
1.85e-06,8.76,2.7137621220695953,2.4715,1.8341803424798666,0.06858625,6.42375,0.1702,6.0005,2004.0,160.0,0.0
2.9e-06,8.79,2.7695960532967026,2.5380000000000003,1.8432936587052118,0.07448625,6.500500000000001,0.1902,6.05375,2004.0,161.0,0.0
4.6e-06,8.836,2.8283671465201463,2.6385,1.8542899452290758,0.07691875,6.607,0.21075,6.10925,2004.0,162.0,0.0
7.1e-06,8.875,2.883834351831501,2.716,1.8631132129732848,0.081225,6.7048749999999995,0.2145,6.143,2004.0,163.0,0.0
1.097e-05,8.89,2.932130168443223,2.7765,1.8681436324759504,0.0859625,6.78775,0.218825,6.17,2004.0,164.0,0.0
1.69e-05,8.92,2.979005444871795,2.867,1.872458048437763,0.09390625,6.8412500000000005,0.23604999999999998,6.2052499999999995,2004.0,165.0,0.0
2.587e-05,9.016,3.0253628459157533,2.887,1.8766214619847865,0.1051375,6.885625,0.26287499999999997,6.237500000000001,2004.0,166.0,0.0
3.93e-05,9.11,3.071548348534798,2.918,1.8809871197899288,0.11471250000000001,6.930124999999999,0.28465,6.26975,2004.0,167.0,0.0
5.94e-05,9.195,3.118967764468863,2.9585,1.8864738636952896,0.120675,7.00875,0.31632499999999997,6.324,2004.0,168.0,0.0
8.94e-05,9.27,3.1610213468864448,2.9835000000000003,1.8891755543599071,0.126775,7.06825,0.346,6.36925,2004.0,169.0,0.0
0.0001338,9.35,3.2064227230769204,3.0175,1.8945096049384837,0.1363125,7.12875,0.366375,6.414,2004.0,170.0,0.0
0.0001988,9.43,3.252175043589741,3.069,1.9000333045910927,0.1544625,7.182625,0.37887499999999996,6.4727500000000004,2004.0,171.0,0.0
0.000294,9.49,3.2952025842490844,3.1135,1.9041882188611914,0.1753125,7.2225,0.4203,6.532,2004.0,172.0,0.0
0.0004318,9.555,3.337705076556775,3.1470000000000002,1.9086307885873577,0.1977125,7.261375,0.430425,6.5649999999999995,2004.0,173.0,0.0
0.000631,9.62,3.37938044139194,3.183,1.9131201406235416,0.21182499999999999,7.297625,0.43510000000000004,6.605,2004.0,174.0,0.0
0.000915,9.67,3.4210856062271082,3.2335000000000003,1.9180801097590197,0.2134,7.33625,0.43735,6.644,2004.0,175.0,0.0
0.00132,9.73,3.4615961538461555,3.281,1.9232128511533302,0.2186375,7.375625,0.4393,6.6842500000000005,2004.0,176.0,0.0
0.001891,9.78,3.501285606227109,3.3129999999999997,1.9281475104096224,0.2216375,7.4375,0.45640000000000003,6.7325,2004.0,177.0,0.0
0.002693,9.83,3.536074602564101,3.354,1.9310188816654208,0.22195,7.503625,0.4949,6.7902499999999995,2004.0,178.0,0.0
0.003807,9.875,3.57472948168498,3.4085,1.9360886609070398,0.2222625,7.6,0.50415,6.827,2004.0,179.0,0.0
0.00535,9.92,3.6117433333333344,3.439,1.9405755708720966,0.2225125,7.6775,0.5432,6.857,2004.0,180.0,0.0
0.00746,9.96,3.6472353663003645,3.5,1.9447098279775883,0.23065,7.715625,0.5978,6.885999999999999,2004.0,181.0,0.0
0.01034,10.01,3.6827973809523793,3.531,1.9493322357760157,0.242975,7.805,0.6589499999999999,6.917,2004.0,182.0,0.0
0.01423,10.05,3.7176423809523778,3.5615,1.9540677561846622,0.2492625,7.840125,0.6927749999999999,6.94975,2004.0,183.0,0.0
0.01944,10.086,3.746827930402926,3.586,1.9568190798859773,0.2493,7.866874999999999,0.7284999999999999,6.9805,2004.0,184.0,0.0
0.02637,10.11,3.7706671794871807,3.6075,1.9578577880852255,0.25635,7.888,0.772175,7.007,2004.0,185.0,0.0
0.03217,10.14,3.797118186813189,3.641,1.9605690803883626,0.2727125,7.916875,0.8145249999999999,7.042,2004.0,186.0,0.0
0.03217,10.17,3.825429230769233,3.689,1.9642753992493742,0.2727125,7.947625,0.858125,7.075,2004.0,187.0,0.0
0.03214,10.21,3.8535121794871823,3.7185,1.9684256517949132,0.2727125,7.97875,0.886725,7.104,2004.0,188.0,0.0
0.0321,10.25,3.8822032783882796,3.751,1.9730294862480116,0.2727125,8.01,0.912125,7.138,2004.0,189.0,0.0
0.03207,10.27,3.9042041758241757,3.7744999999999997,1.9752300630739121,0.2727125,8.03625,0.9275,7.1572499999999994,2004.0,190.0,0.0
0.03204,10.3,3.9250306959706944,3.7935,1.9776862392355201,0.2726375,8.05875,0.9403,7.177,2004.0,191.0,0.0
0.032,10.33,3.9480753296703295,3.8129999999999997,1.9811844257036313,0.2893125,8.0825,0.9535,7.195,2004.0,192.0,0.0
0.03195,10.36,3.971758333333331,3.825,1.9852258541834737,0.29375,8.1125,0.994,7.212,2004.0,193.0,0.0
0.0319,10.38,3.987751098901102,3.823,1.9866502317588306,0.297425,8.1325,1.028,7.22,2004.0,194.0,0.0
0.03183,10.41,4.004975018315015,3.8209999999999997,1.9890323637926985,0.3381375,8.151250000000001,1.0445,7.24,2004.0,195.0,0.0
0.03177,10.44,4.024982673992676,3.844,1.9925310609695013,0.33863750000000004,8.17625,1.055,7.26825,2004.0,196.0,0.0
0.03165,10.46,4.041558113553112,3.8689999999999998,1.995051320184662,0.33845,8.19625,1.0619999999999998,7.2902499999999995,2004.0,197.0,0.0
0.03156,10.484,4.059796446886451,3.895,1.9985639914426567,0.33825,8.223125,1.06575,7.3142499999999995,2004.0,198.0,0.0
0.03143,10.51,4.077984670329669,3.9219999999999997,2.002217552289036,0.3380625,8.251875,1.058,7.338749999999999,2004.0,199.0,0.0
0.03128,10.53,4.0933209157509145,3.9445,2.005323131143543,0.33775,8.27375,1.037,7.36125,2004.0,200.0,0.0
0.0311,10.56,4.109539706959706,3.9725,2.00903835727835,0.3373875,8.30125,1.091,7.3885000000000005,2004.0,201.0,0.0
0.0309,10.58,4.11790939560439,3.9859999999999998,2.0101788283572173,0.337075,8.309375,1.095875,7.4022499999999996,2004.0,202.0,0.0
0.03067,10.59,4.127024120879121,3.998,2.0118495767821662,0.33668750000000003,8.3275,1.1025,7.423,2004.0,203.0,0.0
0.0304,10.62,4.137209084249079,3.995,2.014597321410871,0.336375,8.345875,1.10025,7.44325,2004.0,204.0,0.0
0.0301,10.64,4.148716959706959,3.992,2.018031959401118,0.3360625,8.37125,1.0765,7.46725,2004.0,205.0,0.0
0.02977,10.664,4.1610282967032965,3.9924999999999997,2.022125974022116,0.33563750000000003,8.39125,1.0885,7.49125,2004.0,206.0,0.0
0.02939,10.69,4.1721896703296695,4.0075,2.0261333971963413,0.3352,8.415875,1.1065,7.514749999999999,2004.0,207.0,0.0
0.0,10.71,4.182155970695969,4.0255,2.0304381057593246,0.334625,8.45,1.1222500000000002,7.53475,2004.0,208.0,0.0
0.0,10.734,4.188995769230776,4.035,2.0338578275257477,0.33418749999999997,8.473749999999999,1.1125,7.5525,2004.0,209.0,0.0
0.0,10.75,4.186472838827836,4.023,2.0449439332966546,0.2879,8.5,1.06725,7.5725,2004.0,210.0,0.0
0.0,10.766,4.18422021978022,4.0285,2.048580138662781,0.2461875,8.510625,1.04925,7.576499999999999,2004.0,211.0,0.0
0.0,10.78,4.1851090476190524,4.0265,2.0512432731078696,0.242725,8.52875,1.05325,7.589,2004.0,212.0,0.0
0.0,10.805,4.187552692307693,4.039,2.0552599369978757,0.23966249999999997,8.555,1.058,7.604,2004.0,213.0,0.0
0.0,10.83,4.189438901098898,4.047499999999999,2.0591725853560923,0.2361625,8.5475,1.04475,7.61725,2004.0,214.0,0.0
0.0,10.85,4.191216868131864,4.0535,2.0638320290987453,0.23225,8.5475,1.0179999999999998,7.638,2004.0,215.0,0.0
0.0,10.875,4.191687399267403,4.060499999999999,2.069590490906911,0.2186375,8.56625,0.97945,7.657500000000001,2004.0,216.0,0.0
0.0,10.9,4.188113827838825,4.068,2.0791350935157205,0.21558750000000002,8.5825,0.818125,7.682,2004.0,217.0,0.0
0.0,10.92,4.182325769230769,4.09,2.0875729239171883,0.2067125,8.603125,0.6985,7.7044999999999995,2004.0,218.0,0.0
0.0,10.94,4.167850915750915,4.084,2.0957170737525317,0.1826875,8.5875,0.5989,7.71725,2004.0,219.0,0.0
0.0,10.95,4.1617766117216135,4.099500000000001,2.09759096083742,0.1810125,8.59125,0.565075,7.72875,2004.0,220.0,0.0
0.0,10.97,4.149033956043957,4.105,2.0975183677660763,0.17798750000000002,8.53,0.5357500000000001,7.6922500000000005,2004.0,221.0,0.0
0.0,10.98,4.132660494505496,4.099,2.096525162266208,0.17402499999999999,8.4475,0.506575,7.66925,2004.0,222.0,0.0
0.0,10.99,4.114123809523807,4.088,2.098438338578896,0.1527,8.415,0.44889999999999997,7.665,2004.0,223.0,0.0
0.0,11.01,4.088862454212455,4.0525,2.1115004479619044,0.06272375,8.4275,0.3852,7.671250000000001,2004.0,224.0,0.0
0.0,11.03,4.0712381318681325,4.039,2.1190795993952234,0.02432625,8.445,0.338875,7.640000000000001,2004.0,225.0,0.0
0.0,11.05,4.049037216117214,4.0184999999999995,2.132288749208304,0.0,8.4475,0.265575,7.62775,2004.0,226.0,0.0
0.0,11.07,4.034490036630035,4.007,2.136356505016653,0.0,8.459625,0.26084999999999997,7.631,2004.0,227.0,0.0
0.0,11.086,3.9970650732600697,4.006,2.132674459992415,0.0,8.291875,0.22460000000000002,7.5205,2004.0,228.0,0.0
0.0,11.1,3.9439375274725297,3.974,2.1711365625723866,0.0,8.29125,0.0273825,7.53425,2004.0,229.0,0.0
0.0,11.12,3.912172765567765,3.9345,2.1813222207438887,0.0,8.2825,0.00263,7.52025,2004.0,230.0,0.0
0.0,11.13,3.878903727106225,3.909,2.1873543504180835,0.0,8.27,0.0,7.424,2004.0,231.0,0.0
0.0,11.16,3.8541974175824185,3.8575,2.185718169624887,0.0,8.26225,0.0,7.3925,2004.0,232.0,0.0
0.0,11.17,3.791874523809525,3.774,2.1984602635146056,0.0,8.2575,0.0,7.3675,2004.0,233.0,0.0
0.0,11.19,3.740632692307689,3.728,2.218398448595745,0.0,8.27125,0.0,7.3500000000000005,2004.0,234.0,0.0
0.0,11.195,3.688763833333332,3.6710000000000003,2.2269764955927607,0.0,8.2375,0.0,7.30125,2004.0,235.0,0.0
0.0,11.21,3.6116932380952367,3.585,2.2354459176375494,0.0,8.19,0.0,7.27725,2004.0,236.0,0.0
0.0,11.22,3.5422192380952384,3.548,2.2505445935254187,0.0,8.13625,0.0,7.2395000000000005,2004.0,237.0,0.0
0.0,11.23,3.493923346153849,3.517,2.256019532767699,0.0,8.085,0.0,7.20125,2004.0,238.0,0.0
0.0,11.24,3.4363912637362652,3.4699999999999998,2.268194100168446,0.0,8.054375,0.0,7.161,2004.0,239.0,0.0
0.0,11.26,3.3527943717948743,3.3724999999999996,2.2893462996096963,0.0,8.0365,0.0,7.117,2004.0,240.0,0.0
0.0,11.27,3.2900292435897467,3.2800000000000002,2.293035473743236,0.0,8.0175,0.0,7.11375,2004.0,241.0,0.0
0.0,11.29,3.2068314505494535,3.1790000000000003,2.3226435494922466,0.0,7.967499999999999,0.0,7.115,2004.0,242.0,0.0
0.0,11.3,3.14198505128205,3.1385,2.334841054699161,0.0,7.896875,0.0,7.069,2004.0,243.0,0.0
0.0,11.305,3.0521170915750875,3.094,2.3507457724614236,0.0,7.798625,0.0,7.019,2004.0,244.0,0.0
0.0,11.31,2.947474564102561,2.9455,2.3702247826250877,0.0,7.748375,0.0,6.9544999999999995,2004.0,245.0,0.0
0.0,11.31,2.8527056153846155,2.817,2.3819159066923175,0.0,7.724375,0.0,6.8870000000000005,2004.0,246.0,0.0
0.0,11.31,2.744030531135532,2.686,2.387015117116564,0.0,7.63375,0.0,6.77825,2004.0,247.0,0.0
0.0,11.33,2.6513092307692308,2.5709999999999997,2.376615320087663,0.0,7.4935,0.0,6.70125,2004.0,248.0,0.0
0.0,11.34,2.570180989010989,2.4930000000000003,2.3802554619119336,0.0,7.408875,0.0,6.643,2004.0,249.0,0.0
0.0,11.35,2.479386025641025,2.333,2.3704343319804697,0.0,7.294125,0.0,6.533,2004.0,250.0,0.0
0.0,11.37,2.3267671978021975,2.0495,2.3439766155034056,0.0,7.2195,0.0,6.438,2004.0,251.0,0.0
0.0,11.375,2.2461629487179477,1.8679999999999999,2.3016400580331875,0.0,7.0725,0.0,6.37375,2004.0,252.0,0.0
0.0,11.38,2.1460999084249095,1.594,2.285347184104521,0.0,7.008,0.0,6.32375,2004.0,253.0,0.0
0.0,11.39,2.049472124542125,1.3545,2.26952814582171,0.0,6.768750000000001,0.0,6.258,2004.0,254.0,0.0
0.0,11.39,1.9666213736263733,1.121,2.2374020205279406,0.0,6.68125,0.0,6.165,2004.0,255.0,0.0
0.0,11.4,1.8856168131868134,0.7657,2.220018379247026,0.0,6.638125,0.0,6.043749999999999,2004.0,256.0,0.0
0.0,11.41,1.7744052747252732,0.2616,2.1814792583672657,0.0,6.43825,0.0,5.9045000000000005,2004.0,257.0,0.0
0.0,11.43,1.7126142857142852,0.1377,2.1562751294336002,0.0,6.38,0.0,5.828250000000001,2004.0,258.0,0.0
0.0,11.48,1.6424945054945055,0.0,2.133919151077314,0.0,6.341,0.0,5.73375,2004.0,259.0,0.0
0.0,11.62,1.5456057509157513,0.0,2.1111800344022376,0.0,6.221625,0.0,5.654249999999999,2004.0,260.0,0.0
0.0,11.97,1.4834338827838827,0.0,2.0819987533345397,0.0,6.117375,0.0,5.555,2004.0,261.0,0.0
0.0,8.5,1.3721528937728926,0.0,1.9880827775775887,0.0,5.938125,0.0,5.4422500000000005,2004.0,262.0,0.0
0.0,7.37,1.2880356776556776,0.0,1.9284604986082738,0.0,5.86075,0.0,5.299,2004.0,263.0,0.0
0.0,7.168,1.220449743589743,0.0,1.8811866407745343,0.0,5.755,0.0,5.119,2004.0,264.0,0.0
0.0,7.074,1.1354238461538464,0.0,1.8283366903345057,0.0,5.70075,0.0,4.9822500000000005,2004.0,265.0,0.0
0.0,6.473,1.0322516666666663,0.0,1.7470535963087652,0.0,5.617500000000001,0.0,4.868,2004.0,266.0,0.0
0.0,6.445,0.9428470695970689,0.0,1.657452849510779,0.0,5.247375,0.0,4.69325,2004.0,267.0,0.0
0.0,6.418,0.8667284615384615,0.0,1.589325392845789,0.0,5.02575,0.0,4.5615000000000006,2004.0,268.0,0.0
0.0,6.395,0.8024293772893778,0.0,1.5384651079854836,0.0,4.91125,0.0,4.46225,2004.0,269.0,0.0
0.0,6.37,0.7317191025641021,0.0,1.4666660172266355,0.0,4.683,0.0,4.3155,2004.0,270.0,0.0
0.0,6.348,0.6500027472527475,0.0,1.3875667799490294,0.0,4.542,0.0,4.1579999999999995,2004.0,271.0,0.0
0.0,6.33,0.5992029120879124,0.0,1.3334886167702755,0.0,4.481,0.0,4.06025,2004.0,272.0,0.0
0.0,6.312,0.5365026373626374,0.0,1.2697026243575904,0.0,4.4262500000000005,0.0,3.93625,2004.0,273.0,0.0
0.0,6.293,0.4891063003663003,0.0,1.2042771684455047,0.0,4.27275,0.0,3.79925,2004.0,274.0,0.0
0.0,6.266,0.4499376007326008,0.0,1.1443932084436863,0.0,4.057125,0.0,3.66675,2004.0,275.0,0.0
0.0,5.2,0.3982230769230769,0.0,1.0573607399616118,0.0,3.9438750000000002,0.0,3.4080000000000004,2004.0,276.0,0.0
0.0,5.164,0.3680299267399267,0.0,1.0127336250720367,0.0,3.852875,0.0,3.32275,2004.0,277.0,0.0
0.0,4.723,0.3140778754578755,0.0,0.9284799932286851,0.0,3.718,0.0,2.749,2004.0,278.0,0.0
0.0,4.67,0.28386089743589726,0.0,0.881701484113428,0.0,3.488125,0.0,2.62975,2004.0,279.0,0.0
0.0,4.625,0.25319540293040294,0.0,0.831582981948934,0.0,3.325625,0.0,2.3425,2004.0,280.0,0.0
0.0,4.582,0.22195580586080588,0.0,0.777989479679931,0.0,3.2,0.0,2.17975,2004.0,281.0,0.0
0.0,4.543,0.19073816849816846,0.0,0.71689565086408,0.0,3.080375,0.0,1.81025,2004.0,282.0,0.0
0.0,4.508,0.15426181318681317,0.0,0.6352837277298661,0.0,2.4850000000000003,0.0,1.19425,2004.0,283.0,0.0
0.0,4.473,0.1315722710622711,0.0,0.583670446642632,0.0,2.17225,0.0,0.897475,2004.0,284.0,0.0
0.0,4.117,0.10249382783882784,0.0,0.48446392107758723,0.0,1.6585,0.0,0.7105,2004.0,285.0,0.0
0.0,4.08,0.09505657509157509,0.0,0.4712014836523094,0.0,1.5658750000000001,0.0,0.2283,2004.0,286.0,0.0
0.0,4.04,0.07858031135531136,0.0,0.4252145846852809,0.0,1.314875,0.0,0.0,2004.0,287.0,0.0
0.0,3.994,0.07112087912087912,0.0,0.403058451976947,0.0,1.1933749999999999,0.0,0.0,2004.0,288.0,0.0
0.0,3.951,0.06366459706959708,0.0,0.38450918279334495,0.0,0.899125,0.0,0.0,2004.0,289.0,0.0
0.0,3.91,0.06006575091575091,0.0,0.37571558062195975,0.0,0.750825,0.0,0.0,2004.0,290.0,0.0
0.0,3.867,0.051310531135531134,0.0,0.3581152788665946,0.0,0.29723125000000006,0.0,0.0,2004.0,291.0,0.0
0.0,3.826,0.047399816849816846,0.0,0.3463091479106091,0.0,0.0301125,0.0,0.0,2004.0,292.0,0.0
0.0,3.785,0.034846703296703294,0.0,0.308562842867198,0.0,0.0,0.0,0.0,2004.0,293.0,0.0
0.0,3.746,0.03429395604395604,0.0,0.30461622138417915,0.0,0.0,0.0,0.0,2004.0,294.0,0.0
0.0,3.707,0.03375915750915751,0.0,0.30072850232169185,0.0,0.0,0.0,0.0,2004.0,295.0,0.0
0.0,3.67,0.03324505494505494,0.0,0.2969588493768267,0.0,0.0,0.0,0.0,2004.0,296.0,0.0
0.0,3.635,0.03106996336996337,0.0,0.29085966529292084,0.0,0.0,0.0,0.0,2004.0,297.0,0.0
0.0,3.602,0.0297941391941392,0.0,0.2869272855532328,0.0,0.0,0.0,0.0,2004.0,298.0,0.0
0.0,3.572,0.02844505494505495,0.0,0.28301847721198653,0.0,0.0,0.0,0.0,2004.0,299.0,0.0
0.0,3.545,0.028126373626373626,0.0,0.2800852304102824,0.0,0.0,0.0,0.0,2004.0,300.0,0.0
0.0,3.518,0.027824175824175824,0.0,0.27730499593814767,0.0,0.0,0.0,0.0,2004.0,301.0,0.0
0.0,3.494,0.023793040293040295,0.0,0.26067870347783645,0.0,0.0,0.0,0.0,2004.0,302.0,0.0
0.0,3.47,0.02354945054945055,0.0,0.2582461210125837,0.0,0.0,0.0,0.0,2004.0,303.0,0.0
0.0,3.39,0.012771062271062271,0.0,0.18511645916733033,0.0,0.0,0.0,0.0,2004.0,304.0,0.0
0.0,3.363,0.010584249084249084,0.0,0.1770588386345317,0.0,0.0,0.0,0.0,2004.0,305.0,0.0
0.0,3.338,0.010485347985347985,0.0,0.1754678379938772,0.0,0.0,0.0,0.0,2004.0,306.0,0.0
0.0,3.316,0.010395604395604396,0.0,0.1740317937284716,0.0,0.0,0.0,0.0,2004.0,307.0,0.0
0.0,3.293,0.010298534798534799,0.0,0.1724876825216874,0.0,0.0,0.0,0.0,2004.0,308.0,0.0
0.0,3.271,0.010212454212454213,0.0,0.17110285203072392,0.0,0.0,0.0,0.0,2004.0,309.0,0.0
0.0,3.252,0.010126373626373626,0.0,0.1697501903376539,0.0,0.0,0.0,0.0,2004.0,310.0,0.0
0.0,3.234,0.010047619047619047,0.0,0.168507418299145,0.0,0.0,0.0,0.0,2004.0,311.0,0.0
0.0,2.227,0.0040787545787545785,0.0,0.09530680168218016,0.0,0.0,0.0,0.0,2004.0,312.0,0.0
0.0,2.201,0.004031135531135531,0.0,0.09419410440165227,0.0,0.0,0.0,0.0,2004.0,313.0,0.0
0.0,2.178,0.003989010989010989,0.0,0.09320979526887711,0.0,0.0,0.0,0.0,2004.0,314.0,0.0
0.0,2.154,0.003945054945054945,0.0,0.09218269008685037,0.0,0.0,0.0,0.0,2004.0,315.0,0.0
0.0,2.133,0.003906593406593406,0.0,0.09128397305257761,0.0,0.0,0.0,0.0,2004.0,316.0,0.0
0.0,2.111,0.003866300366300367,0.0,0.09034245996905385,0.0,0.0,0.0,0.0,2004.0,317.0,0.0
0.0,2.09,0.0038278388278388275,0.0,0.08944374293478131,0.0,0.0,0.0,0.0,2004.0,318.0,0.0
0.0,2.07,0.003791208791208791,0.0,0.08858782194975942,0.0,0.0,0.0,0.0,2004.0,319.0,0.0
0.0,2.05,0.0037545787545787543,0.0,0.08773190096473757,0.0,0.0,0.0,0.0,2004.0,320.0,0.0
0.0,2.033,0.0037234432234432235,0.0,0.08700436812746867,0.0,0.0,0.0,0.0,2004.0,321.0,0.0
0.0,2.016,0.0036923076923076922,0.0,0.08627683529020008,0.0,0.0,0.0,0.0,2004.0,322.0,0.0
0.0,1.998,0.0036593406593406594,0.0,0.08550650640368046,0.0,0.0,0.0,0.0,2004.0,323.0,0.0
0.0,1.981,0.003628205128205128,0.0,0.08477897356641212,0.0,0.0,0.0,0.0,2004.0,324.0,0.0
0.0,0.0,0.0,0.0,0.0,0.0,0.0,0.0,0.0,2004.0,325.0,0.0
0.0,0.0,0.0,0.0,0.0,0.0,0.0,0.0,0.0,2004.0,326.0,0.0
0.0,0.0,0.0,0.0,0.0,0.0,0.0,0.0,0.0,2004.0,327.0,0.0
0.0,0.0,0.0,0.0,0.0,0.0,0.0,0.0,0.0,2004.0,328.0,0.0
0.0,0.0,0.0,0.0,0.0,0.0,0.0,0.0,0.0,2004.0,329.0,0.0
0.0,0.0,0.0,0.0,0.0,0.0,0.0,0.0,0.0,2004.0,330.0,0.0
0.0,0.0,0.0,0.0,0.0,0.0,0.0,0.0,0.0,2004.0,331.0,0.0
0.0,0.0,0.0,0.0,0.0,0.0,0.0,0.0,0.0,2004.0,332.0,0.0
0.0,0.0,0.0,0.0,0.0,0.0,0.0,0.0,0.0,2004.0,333.0,0.0
0.0,0.0,0.0,0.0,0.0,0.0,0.0,0.0,0.0,2004.0,334.0,0.0
0.0,0.0,0.0,0.0,0.0,0.0,0.0,0.0,0.0,2004.0,335.0,0.0
0.0,0.0,0.0,0.0,0.0,0.0,0.0,0.0,0.0,2004.0,336.0,0.0
0.0,0.0,0.0,0.0,0.0,0.0,0.0,0.0,0.0,2004.0,337.0,0.0
0.0,0.0,0.0,0.0,0.0,0.0,0.0,0.0,0.0,2004.0,338.0,0.0
0.0,0.0,0.0,0.0,0.0,0.0,0.0,0.0,0.0,2004.0,339.0,0.0
0.0,0.0,0.0,0.0,0.0,0.0,0.0,0.0,0.0,2004.0,340.0,0.0
0.0,0.0,0.0,0.0,0.0,0.0,0.0,0.0,0.0,2004.0,341.0,0.0
0.0,0.0,0.0,0.0,0.0,0.0,0.0,0.0,0.0,2004.0,342.0,0.0
0.0,0.0,0.0,0.0,0.0,0.0,0.0,0.0,0.0,2004.0,343.0,0.0
0.0,0.0,0.0,0.0,0.0,0.0,0.0,0.0,0.0,2004.0,344.0,0.0
0.0,0.0,0.0,0.0,0.0,0.0,0.0,0.0,0.0,2004.0,345.0,0.0
0.0,0.0,0.0,0.0,0.0,0.0,0.0,0.0,0.0,2004.0,346.0,0.0
0.0,0.0,0.0,0.0,0.0,0.0,0.0,0.0,0.0,2004.0,347.0,0.0
0.0,0.0,0.0,0.0,0.0,0.0,0.0,0.0,0.0,2004.0,348.0,0.0
0.0,0.0,0.0,0.0,0.0,0.0,0.0,0.0,0.0,2004.0,349.0,0.0
0.0,0.0,0.0,0.0,0.0,0.0,0.0,0.0,0.0,2004.0,350.0,0.0
0.0,0.0,0.0,0.0,0.0,0.0,0.0,0.0,0.0,2004.0,351.0,0.0
0.0,0.0,0.0,0.0,0.0,0.0,0.0,0.0,0.0,2004.0,352.0,0.0
0.0,0.0,0.0,0.0,0.0,0.0,0.0,0.0,0.0,2004.0,353.0,0.0
0.0,0.0,0.0,0.0,0.0,0.0,0.0,0.0,0.0,2004.0,354.0,0.0
0.0,0.0,0.0,0.0,0.0,0.0,0.0,0.0,0.0,2004.0,355.0,0.0
0.0,0.0,0.0,0.0,0.0,0.0,0.0,0.0,0.0,2004.0,356.0,0.0
0.0,0.0,0.0,0.0,0.0,0.0,0.0,0.0,0.0,2004.0,357.0,0.0
0.0,0.0,0.0,0.0,0.0,0.0,0.0,0.0,0.0,2004.0,358.0,0.0
0.0,0.0,0.0,0.0,0.0,0.0,0.0,0.0,0.0,2004.0,359.0,0.0
0.0,0.0,0.0,0.0,0.0,0.0,0.0,0.0,0.0,2004.0,360.0,0.0
0.0,0.0,0.0,0.0,0.0,0.0,0.0,0.0,0.0,2004.0,361.0,0.0
0.0,0.0,0.0,0.0,0.0,0.0,0.0,0.0,0.0,2004.0,362.0,0.0
0.0,0.0,0.0,0.0,0.0,0.0,0.0,0.0,0.0,2004.0,363.0,0.0
0.0,0.0,0.0,0.0,0.0,0.0,0.0,0.0,0.0,2004.0,364.0,0.0
0.0,0.0,0.0,0.0,0.0,0.0,0.0,0.0,0.0,2004.0,365.0,0.0
