min_nee,max_nee,mean_nee,median_nee,std_nee,2.5pct_nee,97.5pct_nee,5pct_nee,95pct_nee,year,doy
-44.4495,24.6698,-5.43641346886447,-3.9941500000000003,10.938335296604055,-29.7243375,11.4605125,-25.2119,9.185324999999999,2003.0,1.0
-44.295,24.5511,-5.4233940009157555,-4.0169999999999995,10.916921072041431,-29.6844375,11.3917,-25.182025,9.1847,2003.0,2.0
-65.666,37.1395,-8.344206714285713,-5.9378,16.69633756024538,-45.8583125,17.053725,-39.305875,14.087125,2003.0,3.0
-77.513,44.167500000000004,-10.010092285164838,-7.059699999999999,19.998143941343386,-54.910625,20.1158,-47.36875,16.90895,2003.0,4.0
-53.72,29.983,-6.710523493223435,-4.801550000000001,13.492412044849303,-36.80625,13.8274875,-31.507125,11.41415,2003.0,5.0
-95.03099999999999,54.836999999999996,-12.637874777655677,-8.864149999999999,25.209125608158775,-68.861875,25.1792375,-59.130250000000004,21.6666,2003.0,6.0
-145.729,84.422,-19.814071891575065,-13.9428,39.441319348476455,-106.55825,39.47725,-91.054,33.48325,2003.0,7.0
-99.838,57.5713,-13.351823155128203,-9.3004,26.656357669355497,-72.5455,26.6019625,-62.13425,22.809425,2003.0,8.0
-35.53,19.2992,-4.288223502930407,-3.10514,8.718723240349401,-23.6192,9.018324999999999,-20.078375,7.663175000000001,2003.0,9.0
-20.5895,10.8439,-2.3752384378021976,-1.73368,4.896649124531196,-13.28405,5.061787499999999,-10.954025,4.222525,2003.0,10.0
-19.9244,10.4571,-2.2924709745421277,-1.6552799999999999,4.735166351829738,-12.865025,4.9034125,-10.593900000000001,4.08465,2003.0,11.0
-18.8733,9.8622,-2.163369100366298,-1.5603799999999999,4.479143127567678,-12.19705,4.649225,-10.02475,3.8689525,2003.0,12.0
-21.1024,11.0796,-2.4423764666666665,-1.781995,5.046810329970335,-13.610775,5.2038125,-11.2311,4.323475,2003.0,13.0
-31.274,16.7647,-3.7504964990842464,-2.679265,7.678868846956062,-20.8053,7.83795,-17.57045,6.6937,2003.0,14.0
-39.712,21.5273,-4.862266263003661,-3.38328,9.916714633617133,-26.86665,10.066975,-22.7908,8.76115,2003.0,15.0
-37.886,20.4517,-4.619487416410259,-3.2123749999999998,9.440954173073642,-25.611887499999998,9.57215,-21.668225,8.3461,2003.0,16.0
-41.8935,22.7353,-5.168319622893772,-3.5454549999999996,10.547731041050554,-28.673875000000002,10.6842375,-24.262075,9.310175000000001,2003.0,17.0
-37.8155,20.3735,-4.622561786630033,-3.190445,9.463063340157975,-25.64235,9.5885125,-21.706075,8.384125000000001,2003.0,18.0
-28.3659,15.0234,-3.383108429999997,-2.3293850000000003,6.975551622842442,-18.7379,7.141249999999999,-15.7279,6.1433,2003.0,19.0
-22.0089,11.4719,-2.566482225091573,-1.80094,5.332906424276909,-14.2241125,5.5646,-11.773375,4.630375,2003.0,20.0
-19.497700000000002,10.0814,-2.252461305128202,-1.58574,4.700036186553107,-12.610075,4.960649999999999,-10.401575,4.08065,2003.0,21.0
-14.5688,7.4013,-1.644621750934065,-1.14577,3.4634025334404948,-9.431475,3.71945,-7.789825,3.02568,2003.0,22.0
-15.5797,7.9371,-1.7706167020146535,-1.26431,3.724186459181129,-10.10685,4.014575,-8.40345,3.24626,2003.0,23.0
-19.1332,9.8395,-2.210428446153846,-1.5413000000000001,4.628919578155554,-12.400125,4.9672,-10.247775,4.032625,2003.0,24.0
-17.5287,8.969,-2.0149836868131863,-1.38143,4.232599097753259,-11.3796375,4.557825,-9.427275,3.6986425,2003.0,25.0
-22.5281,11.6783,-2.6502723054029285,-1.83798,5.53279127392201,-14.675225000000001,5.830425,-12.221375,4.90501,2003.0,26.0
-31.7023,16.6969,-3.832558985347986,-2.663945,7.952523074387927,-21.57325,8.1634125,-18.058,7.087225,2003.0,27.0
-19.6696,10.0754,-2.2835641813186798,-1.5516,4.798143252153383,-12.774225000000001,5.091125,-10.592975000000001,4.20095,2003.0,28.0
-35.3185,18.752,-4.356619747307691,-2.95675,9.020144535699055,-24.351775,9.0825,-20.640325,7.977575,2003.0,29.0
-44.995,24.0587,-5.627856010256412,-3.74675,11.63026081146044,-31.457625,11.613175,-26.870275,10.262,2003.0,30.0
-48.0,25.7128,-6.041872045274728,-4.0068,12.48323704594593,-33.842,12.4307125,-28.946875,10.978225,2003.0,31.0
-36.0935,19.0066,-4.427535603663005,-3.00014,9.207083005166599,-24.9549125,9.40855,-20.95785,8.146475,2003.0,32.0
-37.344,19.6848,-4.602007781868129,-3.08453,9.57168386096013,-25.9058,9.7703375,-21.8523,8.45135,2003.0,33.0
-31.935,16.6617,-3.8816014657509137,-2.65699,8.108183990896801,-21.8291875,8.4020125,-18.3351,7.1685,2003.0,34.0
-38.798,20.4644,-4.813015082051282,-3.17038,10.021794124071912,-26.979387499999998,10.1874125,-22.960075,8.899650000000001,2003.0,35.0
-36.41,19.0838,-4.483509699139197,-2.95662,9.360254053155417,-25.26295,9.6016625,-21.320574999999998,8.2209,2003.0,36.0
-45.2615,23.9832,-5.6932441981685,-3.6607000000000003,11.849001655946175,-31.89275,11.8601875,-27.3782,10.459975,2003.0,37.0
-50.9835,27.1892,-6.504948415641024,-4.151945,13.518963778277772,-36.542525,13.330525,-31.24015,11.812325000000001,2003.0,38.0
-23.8386,12.1652,-2.835420913498171,-1.89262,5.992965969922244,-15.8017625,6.4086125,-13.405050000000001,5.267525,2003.0,39.0
-26.966,13.8281,-3.2420529864468883,-2.120545,6.8408416076054355,-18.1631125,7.2306,-15.393225,5.98545,2003.0,40.0
-34.5287,17.9545,-4.257697800531137,-2.7047350000000003,8.941279136802933,-23.96105,9.1781875,-20.353324999999998,7.9233,2003.0,41.0
-26.0169,13.2962,-3.1288168206410236,-2.0019400000000003,6.618407692882513,-17.51915,7.0019,-14.90355,5.770225,2003.0,42.0
-37.417,19.4695,-4.648724593589741,-2.918545,9.768796021687725,-26.177875,9.9356375,-22.3228,8.666875000000001,2003.0,43.0
-35.567,18.4155,-4.3949603131868145,-2.7535350000000003,9.256690963729358,-24.723824999999998,9.474287499999999,-21.0275,8.232575,2003.0,44.0
-24.0687,12.1871,-2.876896618315018,-1.8140399999999999,6.117312105588505,-16.1165875,6.517787500000001,-13.74915,5.40445,2003.0,45.0
-27.9762,14.2681,-3.392574178021978,-2.11663,7.195464303706138,-19.0037375,7.5347124999999995,-16.290924999999998,6.278325,2003.0,46.0
-39.322,20.3901,-4.914348506776558,-3.0665,10.364260219192339,-27.672562499999998,10.4616875,-23.757625,9.105875,2003.0,47.0
-35.1105,18.0676,-4.345765373260074,-2.70165,9.194421564606742,-24.4234,9.3901625,-20.79065,8.1247,2003.0,48.0
-42.6405,22.1696,-5.385990172069601,-3.287925,11.36324167486472,-30.2085125,11.32055,-26.137625,9.867125,2003.0,49.0
-29.7956,15.161200000000001,-3.6422679204212463,-2.2213950000000002,7.746953784431213,-20.407249999999998,8.004675,-17.56495,6.938750000000001,2003.0,50.0
-16.506899999999998,8.1175,-1.918021150238098,-1.21597,4.144487703779691,-10.925762500000001,4.386,-9.466775,3.6375,2003.0,51.0
-15.891,7.7898000000000005,-1.8427626297985369,-1.1672150000000001,3.990415571002027,-10.528224999999999,4.2187624999999995,-9.116624999999999,3.4976000000000003,2003.0,52.0
-19.9434,9.8872,-2.3585657919413934,-1.480845,5.08305344935123,-13.334599999999998,5.3600625,-11.576575,4.49,2003.0,53.0
-17.2468,8.4697,-2.0157669967765557,-1.26912,4.366049106887259,-11.4262375,4.6060625,-10.005725,3.831595,2003.0,54.0
-20.5083,10.1674,-2.438956804578757,-1.5082,5.26236290446485,-13.8079625,5.5255,-11.9682,4.6857999999999995,2003.0,55.0
-33.1555,16.8233,-4.103621045970694,-2.4836799999999997,8.774915640936825,-23.021662499999998,8.81605,-19.786974999999998,7.757325,2003.0,56.0
-41.9505,21.5361,-5.311366066245414,-3.2870999999999997,11.318049665696076,-29.891437500000002,11.368275,-25.80115,9.755575,2003.0,57.0
-37.115,18.8983,-4.649486935531135,-2.853745,9.937898962261123,-26.1098375,9.9345625,-22.50085,8.6743,2003.0,58.0
-35.0791,17.8094,-4.38577286347985,-2.69076,9.391198322648656,-24.6119,9.413675,-21.264525,8.259974999999999,2003.0,59.0
-17.2217,8.3906,-2.021680886080588,-1.243935,4.406811467604518,-11.4814,4.693175,-10.095875,3.956685,2003.0,60.0
-19.4803,9.539,-2.3117695265018265,-1.40557,5.028712173693948,-13.1581125,5.3133625,-11.553374999999999,4.493675,2003.0,61.0
-22.607,11.14,-2.7156755025641024,-1.6549399999999999,5.895463133464709,-15.336662500000001,6.153175,-13.427575000000001,5.318575,2003.0,62.0
-19.2552,9.398,-2.2855608716117217,-1.38218,4.985627859668515,-13.033850000000001,5.2742625,-11.456275,4.450925,2003.0,63.0
-21.195,10.4049,-2.5461644669230754,-1.5346899999999999,5.543610051781778,-14.3993625,5.79805,-12.620625,5.0074950000000005,2003.0,64.0
-17.624299999999998,8.5326,-2.0771580418315034,-1.259485,4.553653005650346,-11.878975,4.86185,-10.400275,4.0438,2003.0,65.0
-14.5761,6.9767,-1.6932834575457871,-1.03305,3.735041367125446,-9.754137499999999,4.0116125,-8.49835,3.3194749999999997,2003.0,66.0
-17.8386,8.6314,-2.112165172197801,-1.301535,4.6374868934298625,-12.0964125,4.9244375,-10.618974999999999,4.1215125,2003.0,67.0
-25.4351,12.5225,-3.103368837545787,-1.8633199999999999,6.766123456916593,-17.380537500000003,7.0367375,-15.31965,6.055975,2003.0,68.0
-31.072499999999998,15.4265,-3.8551719721611715,-2.287855,8.381211761828885,-21.5590875,8.650175,-18.95675,7.467225,2003.0,69.0
-26.5197,13.0355,-3.246035774725273,-1.95132,7.089320688869897,-18.1589,7.334675,-16.0747,6.2619,2003.0,70.0
-27.895500000000002,13.7407,-3.4358953546153845,-2.04772,7.502504612245689,-19.1753875,7.7490749999999995,-16.941125,6.608275,2003.0,71.0
-39.143,19.6179,-4.976288382051281,-2.94651,10.806848258523154,-27.942725,11.046325,-24.684874999999998,9.565774999999999,2003.0,72.0
-52.395,26.5483,-6.8305735371794825,-4.08528,14.774798657552283,-38.0111875,14.8515625,-33.984975000000006,13.012374999999999,2003.0,73.0
-82.19200000000001,41.744,-11.008744879487173,-6.4474,23.635458652340166,-60.35625,23.225175,-54.418,20.2865,2003.0,74.0
-68.712,34.759,-9.090184501465199,-5.30105,19.57275020219404,-49.870125,19.297275,-45.13875,17.041375,2003.0,75.0
-73.396,37.0895,-9.75007289908425,-5.7052,21.000253960989813,-53.548,20.654,-48.701,18.174950000000003,2003.0,76.0
-107.902,54.617,-14.66055067948718,-8.9069,31.45556353261933,-80.429375,30.6775125,-72.5635,26.255375,2003.0,77.0
-103.227,52.108,-14.013651223443217,-8.4558,29.97911822913361,-76.812625,29.24465,-69.6965,25.076025,2003.0,78.0
-109.402,55.1635,-14.924472186813178,-9.0353,31.896378075263137,-81.52025,31.2095375,-73.5605,26.6004,2003.0,79.0
-92.806,46.635,-12.591045741758247,-7.61375,26.926337425382783,-68.800625,26.1829375,-62.162625,22.655075,2003.0,80.0
-120.68599999999999,60.677,-16.618708981684964,-10.0497,35.485610363925424,-91.70125,34.677387499999995,-83.04275,29.5494,2003.0,81.0
-95.822,47.981,-12.967777238095238,-7.7745999999999995,27.81884583319646,-71.159125,27.12075,-64.37575,23.319125,2003.0,82.0
-81.152,40.4965,-10.942522653846153,-6.6149000000000004,23.421582127080562,-60.325,22.639075,-54.22075,19.87075,2003.0,83.0
-81.816,40.741,-11.06178073076922,-6.67345,23.65693720385926,-60.7791875,22.8113125,-54.6385,20.0975,2003.0,84.0
-86.133,42.824,-11.729762347069592,-7.0641,24.97483720894455,-63.930875,24.114725,-57.551,21.125799999999998,2003.0,85.0
-68.57900000000001,33.8465,-9.24922090641026,-5.590949999999999,19.6595841810484,-50.4853125,19.07825,-45.08925,17.020175,2003.0,86.0
-59.557,29.246199999999998,-8.023321607161172,-4.99625,16.994612223990586,-43.4815,16.489925,-39.064875,14.8964,2003.0,87.0
-83.188,41.044,-11.436851111721607,-7.1281,24.16422941160088,-61.74125,23.3277375,-56.181,20.3768,2003.0,88.0
-70.887,34.773,-9.609856582234432,-5.8492,20.390091679449345,-52.240625,19.7407,-47.151624999999996,17.5015,2003.0,89.0
-85.333,41.887,-11.721408975091576,-7.0588,24.670552044342053,-63.294624999999996,23.953625,-56.986000000000004,20.8795,2003.0,90.0
-51.2575,23.4731,-6.540534639175817,-4.0937,13.70403723618526,-34.8799375,13.5973125,-31.780549999999998,12.1156,2003.0,91.0
-50.2975,21.5676,-6.095034453846152,-3.797065,12.68346858672911,-32.2874375,12.544649999999999,-29.099625,11.170825,2003.0,92.0
-47.313,19.9554,-5.74671908571429,-3.57395,11.720112089009131,-30.1125625,11.589,-27.00485,10.213975,2003.0,93.0
-50.0355,19.886499999999998,-5.7908261148351645,-3.5551000000000004,11.772197098006478,-30.059937499999997,11.5729,-27.092125,9.987575,2003.0,94.0
-55.86,21.7777,-6.5617019963369945,-4.036815,13.173618368191086,-33.44725,12.778212499999999,-29.950525,10.9997,2003.0,95.0
-65.768,26.8603,-8.117131697802192,-4.8584,16.264905866706304,-41.617374999999996,15.639475,-37.135374999999996,13.730450000000001,2003.0,96.0
-84.443,33.886,-10.375577722893771,-6.2968,20.722822735274278,-52.965625,19.6279375,-47.1445,17.002950000000002,2003.0,97.0
-131.493,52.628,-16.381737985347982,-10.13645,32.602876683560865,-82.536625,30.7127,-76.65525,26.207075,2003.0,98.0
-183.391,70.639,-22.46239073260074,-13.9539,44.39922973582492,-116.04575,41.222625,-105.33250000000001,35.894025,2003.0,99.0
-170.074,65.44800000000001,-21.16998534249084,-13.1913,41.365985728469624,-114.510125,38.272062500000004,-97.1815,32.8576,2003.0,100.0
-157.351,60.068,-19.758188597069594,-12.468900000000001,38.1563632769668,-104.580125,35.1361,-89.06675,29.9589,2003.0,101.0
-126.42699999999999,48.265,-16.203529344322344,-9.934000000000001,30.73857523375067,-82.165375,28.1665,-70.745,23.957625,2003.0,102.0
-92.126,40.0195,-12.461227835164832,-7.5976,24.511788014724576,-63.3619375,23.1371375,-56.84075,19.78,2003.0,103.0
-105.762,43.1,-14.033965951465195,-8.63925,26.828789688164097,-72.707125,24.8582,-62.37125,21.1783,2003.0,104.0
-113.231,45.8485,-15.060893855311337,-9.440650000000002,28.65011354966998,-78.01675,26.3586,-66.832125,22.698325,2003.0,105.0
-84.296,34.281,-11.341678972527465,-7.5088,21.26172784101785,-56.884125,20.031512499999998,-48.647625,16.81415,2003.0,106.0
-126.265,44.457,-16.581069895604408,-12.115300000000001,29.336524260115226,-82.132875,25.779249999999998,-68.8845,21.9379,2003.0,107.0
-207.267,71.9145,-27.108745690476184,-19.85215,48.08977259335132,-132.47674999999998,40.264362500000004,-112.876,36.406850000000006,2003.0,108.0
-249.898,87.95,-32.7670816300366,-23.611600000000003,58.166910436558034,-162.29575,48.4800625,-140.4105,44.842875,2003.0,109.0
-256.455,68.85,-34.385045533516475,-24.83835,58.81792374606824,-163.1805,47.9844375,-139.83175,44.185249999999996,2003.0,110.0
-272.586,73.226,-36.59929169908425,-26.5545,62.630663600728816,-174.270125,51.25425,-150.67825,47.625375,2003.0,111.0
-293.025,78.155,-39.38967449267399,-29.58165,67.33277209725973,-188.63475,55.172,-163.6875,51.69925,2003.0,112.0
-324.116,84.998,-43.82248085347983,-33.34345,74.46092330720641,-208.26024999999998,61.03225,-181.72325,56.990125,2003.0,113.0
-265.063,68.518,-37.26048261296707,-29.9511,60.868196050890326,-170.902875,48.893187499999996,-145.3015,43.9815,2003.0,114.0
-245.92499999999998,62.822,-35.39442917765567,-30.10465,56.6639389204795,-159.05875,44.9016875,-133.82999999999998,40.3865,2003.0,115.0
-189.091,50.038,-28.020813203296708,-23.99125,44.25239400315512,-126.231,35.870374999999996,-104.15475,31.568375,2003.0,116.0
-182.638,39.199,-26.01435333882782,-20.96385,38.20296851879899,-110.62287500000001,28.0699375,-92.737425,24.443224999999998,2003.0,117.0
-172.867,33.7219,-25.007799612454207,-19.2709,35.58120174752841,-109.5809625,23.7502375,-88.3115,20.557575,2003.0,118.0
-227.314,46.723,-33.95221355421244,-26.616025999999998,47.849133048271476,-144.728,32.390925,-119.78852499999999,28.5204,2003.0,119.0
-261.014,58.819,-40.5156710970696,-32.98325,57.238578081867054,-163.58325,40.9065,-142.423,36.707825,2003.0,120.0
-258.026,54.887,-40.38222618681324,-33.1593,55.62730232537191,-158.98329999999999,38.427125000000004,-139.64575,34.373925,2003.0,121.0
-307.656,69.988,-49.77349360989013,-40.43775,68.54823691036361,-196.628375,49.479124999999996,-173.6134,44.004875,2003.0,122.0
-264.115,52.432,-43.32950795604399,-35.038250000000005,56.298746968352276,-170.8305375,37.090925,-142.63709999999998,32.451674999999994,2003.0,123.0
-190.522,33.319,-32.14376643461539,-25.494095,39.11665426802898,-123.29899999999999,23.377025,-98.32155,19.818075,2003.0,124.0
-289.711,61.5905,-51.10375389441392,-43.4444525,63.62453240699327,-177.58175,43.8249875,-161.787925,38.412275,2003.0,125.0
-358.539,74.37,-64.7242136163003,-53.9765,78.87680574812713,-220.7525,53.962125,-204.42075,46.834875,2003.0,126.0
-182.351,41.603,-33.48110078413922,-28.083275,42.92610737199799,-128.99925000000002,31.7903125,-111.16425,26.693949999999997,2003.0,127.0
-238.276,41.7855,-45.89050499267399,-39.33625,50.97661477660958,-154.72175000000001,30.512625,-138.26675,25.428925,2003.0,128.0
-232.394,33.788000000000004,-45.14760616098895,-36.66905,48.4476705202754,-156.6788125,24.215062500000002,-130.309825,20.376925,2003.0,129.0
-274.609,39.2124,-55.265036126007345,-46.12345,57.16203453544803,-185.31506249999998,27.8259875,-155.723,23.451925,2003.0,130.0
-340.147,57.0475,-71.56768510622706,-61.60025,73.62682832919918,-229.45612500000001,40.654375,-202.663,32.29322500000001,2003.0,131.0
-393.61,70.642,-83.5712283095239,-74.5992,85.46690214812459,-258.715125,49.1241875,-238.27925,37.866,2003.0,132.0
-402.765,80.75,-87.59225411904774,-77.77385000000001,90.70136743216636,-286.9375,54.3636875,-248.311,41.459450000000004,2003.0,133.0
-422.624,81.796,-93.27598667948723,-82.7115,93.83887226071231,-297.530875,55.121125000000006,-262.2985,42.004625,2003.0,134.0
-407.775,73.886,-91.68870428021975,-80.50775,93.09707463353365,-303.182375,56.353750000000005,-260.007,42.86775,2003.0,135.0
-253.551,43.63,-59.85573475274729,-54.881993,56.18468050460017,-181.216625,30.4811125,-160.26000000000002,21.71895,2003.0,136.0
-286.70099999999996,36.022,-72.72912181941395,-67.25725,62.626993057650346,-202.800375,24.9441375,-183.2569,18.071925,2003.0,137.0
-188.671,22.6665,-50.51867849450553,-47.0184,41.56657599652087,-133.96525,15.4420125,-124.5099,11.3025,2003.0,138.0
-304.082,35.9345,-79.70731058351652,-72.96145,65.66301758308738,-214.6480125,24.827725,-196.351,16.83385,2003.0,139.0
-338.618,50.2815,-89.5172023021978,-83.4348,74.25188223212186,-251.767625,34.7099125,-218.73725000000002,22.542225000000002,2003.0,140.0
-358.229,56.234,-95.52294830128191,-88.64817,79.38279555739061,-271.096,36.209,-233.54575,24.217225,2003.0,141.0
-407.467,63.944,-108.78918267216106,-100.753265,90.72132952586017,-311.33675,41.052875,-264.5295,26.95015,2003.0,142.0
-456.276,71.077,-125.54319514652018,-117.2137,102.43182593206106,-354.32575,44.69425,-303.77175,29.240425000000002,2003.0,143.0
-477.404,75.353,-133.94251156538468,-125.75704999999999,108.89014966034935,-377.476,47.1485,-320.90175,31.6582,2003.0,144.0
-520.9549999999999,88.003,-141.64446947631862,-125.950995,119.64927495662845,-410.452,52.9135,-349.39875,30.3565,2003.0,145.0
-433.158,75.405,-115.44415400886443,-102.79575,99.3823846416188,-331.66525,45.726625000000006,-294.67949999999996,27.1565375,2003.0,146.0
-464.324,74.747,-134.55734250183158,-123.35045,105.08177134308647,-366.61225,41.400687500000004,-313.71175,24.851725000000002,2003.0,147.0
-516.626,86.479,-150.1672186355312,-138.23175,118.81771254497397,-405.567625,47.31075,-361.925,29.01355,2003.0,148.0
-271.246,54.685,-63.052610833333304,-50.14275,65.90636049892093,-209.253,33.6918375,-189.42825,25.0175975,2003.0,149.0
-375.307,50.665,-123.69137504148348,-121.77594,82.39991281198616,-295.590125,26.30055,-266.06374999999997,12.165725,2003.0,150.0
-441.572,66.412,-143.15690077655665,-136.767,98.70136791302626,-354.599125,33.4472,-316.311,15.718900000000001,2003.0,151.0
-463.253,75.009,-147.67235707692328,-137.94615,104.55611407377717,-373.139,32.470875,-335.118,12.6015525,2003.0,152.0
-359.133,64.182,-107.2717733339927,-95.28715,82.6312169060207,-285.03337500000004,27.995375,-260.92199999999997,15.003627999999999,2003.0,153.0
-348.276,47.4445,-123.674502849359,-121.85905,75.62818047141634,-279.58750000000003,19.4881125,-257.1425,-0.4163024999999996,2003.0,154.0
-418.811,59.063,-145.33677064468858,-140.1433,90.92870351405867,-336.29125,23.5965125,-304.62675,-1.8782275,2003.0,155.0
-408.939,54.527,-147.56184169413925,-144.281,88.52236231293058,-330.003625,21.2255,-301.84325,-3.3119500000000004,2003.0,156.0
-243.123,37.907,-84.54389802014661,-79.4415,53.02539197677932,-195.9765,11.0598375,-179.56824999999998,-2.2897250000000002,2003.0,157.0
-311.85,43.341,-116.25196491639188,-114.32554999999999,66.9475091841992,-253.349625,10.9313125,-234.6015,-7.472849999999999,2003.0,158.0
-289.843,47.5105,-100.19918075457886,-94.35149999999999,63.89960985433712,-235.391,11.56585,-215.3745,-5.12495,2003.0,159.0
-351.283,40.595,-132.7441409835165,-128.55872,74.54137174587636,-285.92825,4.5423375,-264.03425,-14.005775,2003.0,160.0
-412.087,51.483,-150.81604904395599,-142.011845,88.066014426276,-334.822,7.1146375,-306.13124999999997,-14.67885,2003.0,161.0
-403.715,54.86,-142.72571072161173,-133.78990499999998,87.77729499652698,-329.679875,-1.92650875,-301.7895,-13.3815525,2003.0,162.0
-466.801,60.045,-171.9010255695971,-161.541,99.69108772798467,-382.279375,-6.678875,-348.9635,-22.0633,2003.0,163.0
-544.92,77.838,-197.80044756520152,-184.738,122.34842076994552,-458.65637499999997,-6.2347874999999995,-429.471,-26.6771325,2003.0,164.0
-549.59,80.803,-186.6389517069597,-171.26265,122.1916212358597,-442.213,1.6053000000000002,-421.219,-20.21065,2003.0,165.0
-532.838,68.993,-206.91693840567774,-197.61673,114.6340576715932,-449.25149999999996,-12.486887500000002,-418.62675,-38.819374999999994,2003.0,166.0
-488.27599999999995,63.491,-185.05141914926742,-175.31986,102.96957290301954,-404.44525,-14.154454999999999,-375.15825,-36.8249,2003.0,167.0
-538.27,68.354,-212.1219731888276,-203.655,113.89826255874884,-452.554,-19.7334625,-422.73325,-45.762875,2003.0,168.0
-582.965,83.792,-214.5976548998169,-200.449,128.9903223709403,-488.17725,-12.820825,-456.88125,-38.105000000000004,2003.0,169.0
-570.713,85.213,-195.92894428278385,-180.56545,126.63800579206867,-465.583625,-5.035825,-439.0965,-21.747995000000003,2003.0,170.0
-387.348,57.409,-137.08112834532974,-123.936635,85.023640071871,-318.6835,-4.959625,-295.47225,-23.1433975,2003.0,171.0
-398.163,49.391999999999996,-144.93429028598908,-133.87045,85.61715458172662,-327.970625,-8.93111125,-303.82475,-28.636675,2003.0,172.0
-313.757,32.4475,-127.64488774194128,-123.074175,62.95555995864061,-259.069375,-15.327425,-242.52675,-34.682875,2003.0,173.0
-304.086,26.1459,-135.2452469652015,-135.162,58.60815432856813,-256.034125,-17.177725,-239.42375,-44.842225,2003.0,174.0
-406.769,33.555,-182.30554583699632,-182.58435,78.56894642229976,-343.14125,-19.25595,-318.4405,-57.789775000000006,2003.0,175.0
-462.936,45.025,-196.46952710677664,-192.66575,90.82293589028488,-387.7975,-21.145725,-356.39074999999997,-55.65725,2003.0,176.0
-483.053,50.0675,-201.86533520659344,-196.525475,95.93019928381464,-402.863625,-23.5087625,-373.677,-54.779875,2003.0,177.0
-469.575,46.288,-202.1857744047618,-198.37715,91.80939106887874,-392.72925000000004,-31.3414,-367.02375,-62.171925,2003.0,178.0
-478.083,49.299,-202.28672894230758,-196.3750405,94.2659182852085,-400.073375,-33.54905,-370.49675,-59.900324999999995,2003.0,179.0
-528.5409999999999,64.2755,-204.90204215274736,-190.62954,111.05041258093796,-443.24512500000003,-23.0962875,-414.34900000000005,-47.3701,2003.0,180.0
-533.495,55.922,-224.10234688333338,-216.53867000000002,105.58148443472994,-446.8645,-35.16665,-414.613,-64.64925000000001,2003.0,181.0
-526.594,55.596000000000004,-221.71371391666668,-214.26165,104.63470801021712,-442.265875,-35.3986,-412.853,-65.28144999999999,2003.0,182.0
-436.643,47.01,-179.46060661849802,-169.23244,87.41122507870816,-362.16837499999997,-26.91705,-340.59975,-48.085784999999994,2003.0,183.0
-413.717,37.551,-185.6833430622709,-181.62939999999998,78.02117764003395,-348.017625,-28.0692125,-321.8085,-61.431349999999995,2003.0,184.0
-402.317,41.01,-171.78710767692303,-164.3259,78.16943278967396,-332.69325,-29.0992375,-314.534,-53.449250000000006,2003.0,185.0
-388.299,43.245,-156.64919783424915,-146.02875,78.56707629370203,-319.73575,-21.1649875,-300.2615,-41.848375,2003.0,186.0
-336.726,31.986,-146.60617640842483,-141.38715000000002,63.961834162095585,-277.557,-24.6219625,-261.9765,-47.501475,2003.0,187.0
-355.844,34.3585,-155.92767845641026,-150.68335,67.80512923305491,-294.5455,-27.0117125,-277.92225,-51.750425,2003.0,188.0
-456.814,41.113,-207.7819435809525,-201.9495,85.53398249379994,-384.88824999999997,-34.028299999999994,-358.2715,-73.18212500000001,2003.0,189.0
-393.984,43.213,-160.65039364377276,-148.49025,79.00237251482618,-324.860625,-24.0789,-305.1595,-45.48155,2003.0,190.0
-408.928,44.542,-167.8832282117217,-155.1941,81.57930398358808,-337.487125,-27.947184999999998,-318.455,-48.4927,2003.0,191.0
-575.783,68.371,-231.58257587179472,-216.0199,119.92556273718812,-488.955,-37.948175,-460.47325,-58.2695,2003.0,192.0
-682.584,85.544,-228.8801793067766,-205.7534,143.90608330597132,-551.306875,-13.0929625,-504.65075,-36.09345,2003.0,193.0
-534.754,59.038,-217.71224047802198,-203.00116500000001,107.43681976077194,-443.578125,-38.9095375,-415.72425,-61.106624999999994,2003.0,194.0
-455.36899999999997,48.984,-186.93289789560458,-174.0089,90.64835567182375,-376.963125,-33.538375,-352.62850000000003,-54.52875,2003.0,195.0
-566.224,66.759,-221.26244035604384,-203.4518,118.14017206509922,-471.2575,-32.559125,-440.85525,-52.871875,2003.0,196.0
-515.888,52.918,-221.43614078736272,-210.5453,101.22516225183873,-431.046875,-46.17825,-404.644,-70.344,2003.0,197.0
-531.245,61.135,-211.18173695787561,-195.16455000000002,110.13964233776474,-445.07225,-35.48325,-414.96975,-55.287749999999996,2003.0,198.0
-592.1,69.502,-231.44665647344357,-211.5135,123.70363310689005,-494.474,-33.36172500000001,-465.203,-57.608374999999995,2003.0,199.0
-527.898,56.868,-217.4393966468864,-202.676,105.3956522342979,-440.91025,-47.21025,-411.69775,-64.74425,2003.0,200.0
-509.104,51.222,-216.13595068708804,-203.910955,98.43684264960207,-421.224875,-47.6305625,-392.78499999999997,-72.68312499999999,2003.0,201.0
-420.157,49.196,-156.28185076373606,-139.5548,88.77733533088616,-347.938875,-21.664212499999998,-323.06475,-35.836625,2003.0,202.0
-596.165,72.6705,-222.07304435531128,-201.75484999999998,128.39243873123723,-498.722625,-21.0959125,-468.6985,-44.645799999999994,2003.0,203.0
-605.341,75.149,-210.6922646739927,-184.8375,130.86162485534172,-500.013375,-13.191875000000001,-465.2685,-40.46275,2003.0,204.0
-579.569,70.637,-202.1564808113555,-177.6289,124.86485591641672,-476.361875,-15.11765,-447.419,-38.781499999999994,2003.0,205.0
-389.212,45.77,-138.50370453736264,-120.37665000000001,83.6694553504821,-319.01324999999997,-13.79333125,-297.14275,-26.9781325,2003.0,206.0
-543.012,60.849,-213.0622643076924,-193.8598,111.92758033198847,-452.21375,-39.584875000000004,-424.55224999999996,-60.75275,2003.0,207.0
-659.73,81.387,-222.9332923241758,-195.1494,143.90943102180128,-544.28725,-10.608130125,-514.3312500000001,-34.230000000000004,2003.0,208.0
-560.43,69.643,-185.1215156858975,-158.54715,123.0658229546976,-454.99775,-4.631124999999999,-423.93475,-27.779000000000003,2003.0,209.0
-534.231,59.967999999999996,-206.27410881007333,-189.76545,110.96009980964473,-445.159125,-36.5595,-415.466,-56.92625,2003.0,210.0
-569.041,63.717999999999996,-226.2550268249084,-205.6028,119.02023423143784,-483.014375,-36.04925,-462.585,-65.77875,2003.0,211.0
-581.966,67.944,-215.48203244505518,-191.946,124.30164021223545,-487.64875,-29.41075,-462.457,-49.8305,2003.0,212.0
-637.565,76.076,-217.0305172271059,-190.92955,138.32722079371314,-527.23,-11.608625,-491.57,-35.41825,2003.0,213.0
-595.896,70.243,-213.94350436410244,-189.48775,129.40375125319312,-496.047125,-13.1329875,-467.84025,-37.0445,2003.0,214.0
-561.181,66.374,-195.11769301439563,-170.31015,121.83326984105184,-465.693125,-14.8873,-432.29725,-38.5781,2003.0,215.0
-405.1,50.7615,-124.68964676941394,-104.49905000000001,93.83375230349212,-331.5355,5.550875,-311.43575,-3.753025,2003.0,216.0
-473.459,43.547,-206.3720878100732,-197.063793,88.30265437215022,-384.744125,-44.5353125,-365.07325,-73.96825,2003.0,217.0
-498.90999999999997,51.435,-203.09649050805862,-187.97212000000002,98.68936727316887,-409.164875,-35.040125,-384.653,-61.306775,2003.0,218.0
-440.996,55.234,-145.71885956043954,-123.524,99.46729332100851,-365.31825000000003,-2.15495,-342.608,-16.620525,2003.0,219.0
-506.955,58.704,-183.25092549743573,-163.22095000000002,109.48044063185388,-421.876375,-11.599000000000002,-393.10925000000003,-40.114875,2003.0,220.0
-555.435,63.354,-206.32929811831508,-183.7259,120.16807504474536,-469.298125,-16.17675,-441.52925,-45.602000000000004,2003.0,221.0
-542.81,63.521,-190.15291106593423,-167.61565000000002,119.90315685078448,-455.717125,-8.178471249999998,-422.789,-26.939349999999997,2003.0,222.0
-546.606,62.622,-195.34566016080578,-173.2978,119.71260637600159,-459.844625,-9.15875,-424.74125000000004,-35.28525,2003.0,223.0
-589.4,81.109,-198.37769179304016,-173.09175,132.48262516843457,-493.901875,-2.1944775,-454.60400000000004,-20.136,2003.0,224.0
-660.466,94.5,-190.65858534065936,-157.57299999999998,156.98286670335625,-542.905625,34.7542625,-509.58900000000006,11.815249999999999,2003.0,225.0
-624.897,81.65,-202.64652684542128,-174.74366,140.8271648016303,-515.764375,1.9711000000000003,-484.5575,-17.451,2003.0,226.0
-726.3,90.69200000000001,-214.99701101428565,-182.1323,158.78644114079006,-573.15,13.83848125,-540.6265,-2.286875000000001,2003.0,227.0
-713.301,98.012,-163.45915378809516,-124.9411,171.56232113551482,-560.95625,67.2869875,-510.01025,49.558749999999996,2003.0,228.0
-571.62,88.93,-178.36360998534798,-149.531255,133.7089440143161,-473.101875,19.4819875,-442.42775,-2.6667500000000004,2003.0,229.0
-664.771,99.0,-193.08098294322323,-159.0165,150.41287878103066,-534.5408749999999,27.78575625,-494.22450000000003,-0.9050749999999995,2003.0,230.0
-605.89,87.659,-188.4995864835164,-158.83425,136.99186405936328,-488.674375,18.4153125,-462.398,-8.980175,2003.0,231.0
-423.086,58.987,-138.5788217307693,-119.25444999999999,94.6017679359432,-340.979125,7.8383062500000005,-324.94475,-10.702927500000001,2003.0,232.0
-510.645,62.824,-186.45043647985332,-172.8863,109.02274389370201,-412.567375,14.859825,-388.05174999999997,-23.517100000000003,2003.0,233.0
-589.6,88.175,-167.6628161465202,-137.85335,138.93697929870115,-480.01800000000003,29.197323125,-444.4145,16.5924975,2003.0,234.0
-431.948,63.42,-133.72099399322343,-111.49565,102.96896658772181,-356.949375,21.0017875,-339.66525,1.9188500000000002,2003.0,235.0
-453.70799999999997,60.214,-174.23200153663012,-165.11825,99.44007778448149,-375.959875,17.615499999999997,-358.1305,-9.63745,2003.0,236.0
-449.856,64.746,-176.74212115201456,-166.78855,100.92953350981435,-379.044875,20.1683125,-358.39325,-5.924200000000001,2003.0,237.0
-394.686,58.193,-157.5055865512819,-150.49484999999999,90.87541021856082,-340.9125,18.7542125,-322.94350000000003,-5.11735,2003.0,238.0
-219.262,46.8245,-52.17342836025645,-40.286150000000006,58.005947513284724,-180.26675,25.6649375,-166.80025,20.14286525,2003.0,239.0
-323.38,51.402,-120.70292571428578,-115.9187,76.34525039848394,-276.85925,28.0012,-260.957,7.220375,2003.0,240.0
-400.688,62.534,-148.8453243406592,-140.1685,95.3725854931386,-343.400625,37.111312500000004,-325.04150000000004,11.322675,2003.0,241.0
-445.084,75.03,-144.4120473076922,-131.67145,106.34351063395333,-367.814,46.8799375,-344.11425,19.579900000000002,2003.0,242.0
-444.153,71.706,-152.3275518644688,-143.92995000000002,106.77526828225568,-373.037625,44.843875000000004,-348.87925,19.846125,2003.0,243.0
-272.99399999999997,54.978,-73.60664634065932,-60.464715,71.03641934576524,-228.6135,34.62275,-215.84975,20.6639,2003.0,244.0
-257.652,49.579,-72.62857368479851,-62.765,65.17120943907476,-211.764875,32.5678125,-199.387,21.9407,2003.0,245.0
-418.521,69.651,-140.0960868791209,-135.79430000000002,105.31528208400165,-357.447,49.309625,-332.3495,32.998325,2003.0,246.0
-473.992,92.476,-133.26873772234438,-115.3773,126.12350355981302,-411.02774999999997,71.283625,-381.90549999999996,55.383375,2003.0,247.0
-408.234,71.344,-128.81412516117223,-120.929,106.20537165647487,-344.81425,55.550125,-324.2475,44.102000000000004,2003.0,248.0
-481.032,88.328,-132.5437839908425,-117.80605,123.45822104132321,-400.81725,69.29625,-362.386,55.04725,2003.0,249.0
-439.786,83.633,-119.51156750732592,-106.24100000000001,116.61945716637274,-375.39875,66.969375,-334.781,53.199875,2003.0,250.0
-417.28499999999997,85.68299999999999,-99.94192131813196,-81.191,114.25207254368769,-355.865375,68.581875,-313.53825,55.635374999999996,2003.0,251.0
-257.559,57.219,-56.196288633516495,-44.311765,71.78829857743803,-218.13425,44.5585,-195.2695,36.747025,2003.0,252.0
-210.114,46.9845,-54.45193731117221,-45.457865,60.08985672696727,-183.385125,36.305875,-162.398,30.411,2003.0,253.0
-333.885,60.735,-93.43567556593399,-84.4392,88.33633304772722,-268.50725,50.1494375,-246.1055,41.12625,2003.0,254.0
-276.237,53.095,-80.38131133699633,-77.64785,73.7983542485114,-226.080125,39.5,-206.57675,32.842375,2003.0,255.0
-250.996,49.103,-70.1170070860806,-65.35275,66.50410413863433,-205.904875,36.325625,-183.84125,30.041249999999998,2003.0,256.0
-274.225,56.824,-72.80088911172166,-65.28205,73.8875623918468,-222.4285,43.579187499999996,-205.497,37.311125000000004,2003.0,257.0
-190.046,42.863,-50.70424630842491,-44.48865,52.609909661175315,-159.432625,32.0856875,-144.20850000000002,26.7837,2003.0,258.0
-188.307,33.413,-53.48264602948718,-54.563500000000005,52.06429648399823,-161.80675,24.41335,-139.24625,20.009075,2003.0,259.0
-149.368,32.7415,-39.65064513351651,-36.832319999999996,41.369977255645026,-126.7935,23.8564375,-112.4195,19.51775,2003.0,260.0
-171.049,37.9475,-43.52915940549451,-38.942750000000004,47.45038496881563,-143.768375,28.12875,-126.37774999999999,23.391775000000003,2003.0,261.0
-202.029,40.2795,-49.756505785347954,-44.33615,54.43604386189164,-168.549375,30.1495375,-146.37199999999999,25.122975,2003.0,262.0
-229.95499999999998,44.721,-54.508087425641015,-48.31675,60.78499149256849,-189.401875,33.9503625,-163.65025,28.50715,2003.0,263.0
-206.203,44.2075,-47.33059485347982,-40.787,55.10087935523309,-168.1495,33.6145,-146.36374999999998,28.0574,2003.0,264.0
-227.8,48.682,-50.39935886153844,-43.082,61.00098011242175,-184.85425,37.4925625,-162.3995,31.402025000000002,2003.0,265.0
-191.404,40.399,-41.090571787545784,-34.733,50.65283781069808,-154.14625,30.509999999999998,-133.748,25.43655,2003.0,266.0
-141.88,35.278,-31.054868525641055,-25.65055,40.43762364609626,-121.26312499999999,26.7504125,-106.04825,22.470724999999998,2003.0,267.0
-190.942,44.085,-40.786051968864484,-33.0085,54.00796259166774,-159.19037500000002,34.258025,-142.0435,30.061925000000002,2003.0,268.0
-181.043,43.967999999999996,-37.3229012948718,-29.875,51.60578643430772,-151.89925,34.4284375,-133.351,30.740625,2003.0,269.0
-199.59,42.42,-40.8365202106227,-30.383249999999997,55.15820248534622,-162.04075,33.658875,-142.53025,29.940525,2003.0,270.0
-174.693,37.3675,-33.933148635531154,-24.296,47.31784879315523,-135.943375,29.618125,-124.5455,26.073575,2003.0,271.0
-168.761,32.532,-30.083728007326027,-20.153950000000002,42.82239756983661,-122.26599999999999,25.551775,-113.659125,22.338900000000002,2003.0,272.0
-176.41,39.888,-32.476890948717966,-23.18585,47.67357562528867,-134.069375,31.6208125,-123.76575,28.107225,2003.0,273.0
-221.821,53.672,-40.90666573626376,-29.7093,62.20850100372422,-176.337,43.0575625,-156.11625,39.532624999999996,2003.0,274.0
-247.605,62.874,-45.03658900000004,-31.130000000000003,71.6380337832547,-201.54762499999998,50.701499999999996,-176.46,46.633,2003.0,275.0
-288.621,70.43599999999999,-50.22137683150179,-34.05175,81.71575675305522,-229.151625,57.994625,-202.031,53.415875,2003.0,276.0
-362.743,85.703,-59.71773978021978,-38.95525,100.64252594886793,-281.256625,73.613375,-253.445,66.87225,2003.0,277.0
-422.056,99.666,-66.64421628205137,-44.403499999999994,115.4383572278827,-324.59524999999996,85.331875,-287.38875,77.809,2003.0,278.0
-356.472,86.011,-57.54199370512818,-36.76875,99.28324790628152,-276.66425,72.804125,-249.93675,66.936,2003.0,279.0
-275.26,69.325,-45.70590530219778,-31.38955,78.06505836902946,-219.648125,56.879374999999996,-194.87574999999998,52.590999999999994,2003.0,280.0
-165.72,44.539,-26.264572967032954,-16.61955,46.070026281104916,-127.99425,35.0415625,-113.15925,32.325375,2003.0,281.0
-222.317,55.76,-35.33681456959705,-24.1645,61.27658482628939,-172.0735,44.8043125,-152.78725,41.35675,2003.0,282.0
-184.51999999999998,47.4545,-28.910126712454225,-20.6657,50.299359114073184,-141.924875,37.33225,-123.0805,34.478249999999996,2003.0,283.0
-169.351,50.022,-26.215355161172173,-17.305,47.22681922626959,-131.800375,35.7754375,-114.87875,33.124624999999995,2003.0,284.0
-179.648,53.277,-28.009000228937758,-19.06365,50.416865059494974,-141.50575,37.7440625,-123.13825,35.393375,2003.0,285.0
-135.795,36.1295,-19.987742362637352,-13.4378,35.90527137605392,-99.02725,27.78835,-87.98675,25.482075000000002,2003.0,286.0
-124.203,31.051,-17.15021587912088,-11.2706,31.31412148257132,-86.9045,23.96315,-75.82175,21.925250000000002,2003.0,287.0
-115.059,30.139,-16.318210853479865,-10.8831,29.891379097079003,-82.11512499999999,23.1824875,-73.02975,21.215725,2003.0,288.0
-115.817,29.8557,-16.06503018315018,-10.69145,29.77556225033311,-81.622625,23.391075,-72.33250000000001,21.330525,2003.0,289.0
-163.143,47.038,-23.756976829670336,-15.517900000000001,44.18904628830875,-122.136375,34.4665375,-106.11075,31.580175,2003.0,290.0
-137.385,39.319,-20.139526441391933,-12.681650000000001,37.99661940519297,-102.03999999999999,30.234625,-91.37049999999999,27.742675,2003.0,291.0
-126.794,35.6075,-18.545942727106237,-11.67545,34.942582815197056,-91.29425,27.930225,-84.37375,25.374274999999997,2003.0,292.0
-173.477,52.555,-25.344768932600747,-14.987100000000002,48.20239302429816,-129.671875,38.3725625,-116.854,35.6024,2003.0,293.0
-201.678,63.135000000000005,-29.68202959615385,-17.62205,56.4609212215176,-154.506375,44.077,-137.496,41.30375,2003.0,294.0
-157.191,45.976,-22.867261074908416,-13.5119,43.437968900485544,-115.46062500000001,34.7955625,-104.44575,31.904874999999997,2003.0,295.0
-128.64000000000001,35.865,-18.52166783331501,-10.848700000000001,35.18893238002295,-92.743625,28.2705375,-84.579,25.739125,2003.0,296.0
-95.17,26.9545,-13.43028645641026,-8.02025,25.605933645801503,-68.18325,20.9314375,-61.700500000000005,19.105975,2003.0,297.0
-104.294,29.319599999999998,-14.865417976739934,-8.8719,28.32548324558128,-75.241375,22.884175,-67.804,20.9072,2003.0,298.0
-112.325,31.444,-15.885148368131869,-9.4822,30.38630778350239,-80.876375,24.6336875,-72.8625,22.350875000000002,2003.0,299.0
-130.898,36.576,-18.807214135531137,-11.09305,35.84598395700667,-94.646125,28.8206375,-86.427,26.289524999999998,2003.0,300.0
-93.158,26.472,-13.166366397435903,-7.8659,25.136273546692358,-66.607375,20.508487499999998,-60.31925,18.709799999999998,2003.0,301.0
-84.151,24.101599999999998,-11.76466872527471,-7.11345,22.526208154323086,-59.98525,18.54755,-53.896499999999996,16.867774999999998,2003.0,302.0
-64.215,18.7707,-8.940699676739937,-5.4854,17.136831388271546,-46.13875,14.36495,-40.423125,12.816324999999999,2003.0,303.0
-52.660000000000004,15.6267,-7.215317306776552,-4.44785,13.958206642418787,-37.708875,11.8829625,-33.034125,10.446850000000001,2003.0,304.0
-49.254,14.6792,-6.712510305494504,-4.143625,13.020301627651618,-35.3813125,11.1597625,-30.8418,9.757200000000001,2003.0,305.0
-36.524,11.135,-4.91713184798535,-3.003075,9.596841781026312,-26.2897,8.409375,-22.762875,7.1869000000000005,2003.0,306.0
-42.526,12.8213,-5.750944647985342,-3.52943,11.190573088803319,-30.6788125,9.7851125,-26.527575,8.396275,2003.0,307.0
-48.696,14.5347,-6.623863571794877,-4.07955,12.863483679776321,-35.050375,11.0682625,-30.493625,9.648575000000001,2003.0,308.0
-47.918,14.3244,-6.507798103296699,-4.0065,12.643203244769502,-34.53,10.91855,-29.836,9.491724999999999,2003.0,309.0
-40.4995,12.2609,-5.4565047231501875,-3.3417000000000003,10.633975894239835,-29.2610375,9.3744875,-25.066499999999998,8.033525,2003.0,310.0
-39.355,11.9239,-5.301371492124542,-3.2426649999999997,10.335773174845782,-28.4561125,9.1195625,-24.368325,7.8172749999999995,2003.0,311.0
-56.268,16.5695,-7.690328606776559,-4.768750000000001,14.918626023436603,-40.53725,12.743425,-35.5236,11.2427,2003.0,312.0
-69.651,20.2213,-9.606174391941398,-5.94865,18.592214720710054,-50.034625,15.571,-44.001000000000005,13.970475,2003.0,313.0
-79.046,22.6887,-10.994693259890116,-6.773,21.242925490310313,-56.52425,17.5675375,-50.895624999999995,15.906675,2003.0,314.0
-77.137,22.2451,-10.69193809615384,-6.6052,20.67339932363454,-55.28875,17.1563375,-49.213499999999996,15.503625,2003.0,315.0
-67.02199999999999,19.539,-9.226668046886438,-5.72745,17.871856307875177,-48.2409375,15.0506125,-42.34025,13.4843,2003.0,316.0
-126.707,36.0568,-18.079814937728944,-11.0002,34.80480068233347,-91.9945,28.3202875,-84.14425,25.632575000000003,2003.0,317.0
-115.746,32.3975,-16.40995111630037,-9.9951,31.60240138894542,-84.037875,25.752499999999998,-75.90799999999999,23.274075,2003.0,318.0
-108.321,30.486,-15.306750185347973,-9.34455,29.483602278655177,-78.84087500000001,23.9763125,-70.89949999999999,21.9327,2003.0,319.0
-78.953,22.7715,-10.975644986813194,-6.7758,21.198624559109707,-56.3263125,17.57105,-50.6615,15.891275,2003.0,320.0
-77.39,22.3566,-10.753523816117227,-6.6419,20.774299501608823,-55.47875,17.2304625,-49.538250000000005,15.573,2003.0,321.0
-67.362,19.6769,-9.286318891025642,-5.7698,17.971393417627233,-47.4410625,15.13195,-42.620875,13.56755,2003.0,322.0
-67.882,19.8193,-9.364290701282048,-5.81785,18.122519178800054,-47.846000000000004,15.2456375,-42.959,13.672424999999999,2003.0,323.0
-48.7855,14.580400000000001,-6.639606601098896,-4.10438,12.906851079915734,-34.385062500000004,11.1264875,-30.623025,9.720175,2003.0,324.0
-33.15,10.216,-4.422517828388279,-2.6918550000000003,8.6657482605695,-23.0563,7.6943125000000006,-20.6444,6.57175,2003.0,325.0
-31.036,9.6114,-4.129543745750915,-2.51145,8.10591691576993,-21.473,7.2402625,-19.386074999999998,6.16535,2003.0,326.0
-26.4411,8.2856,-3.495907973809523,-2.1541550000000003,6.888693314177579,-18.179025,6.220212500000001,-16.51565,5.23115,2003.0,327.0
-37.382,11.4081,-5.017279799633697,-3.057855,9.818562033221893,-26.3452375,8.7216,-23.232825,7.46105,2003.0,328.0
-54.730000000000004,16.2389,-7.473836796886451,-4.61895,14.537726158421048,-38.600625,12.4959875,-34.58875,10.9624,2003.0,329.0
-56.152,16.6204,-7.682586824175826,-4.7498000000000005,14.939191148580694,-39.557562499999996,12.778925000000001,-35.542249999999996,11.269,2003.0,330.0
-42.9035,12.9678,-5.794746786263734,-3.5360449999999997,11.321554953201838,-30.369875,9.961925,-26.804000000000002,8.526475,2003.0,331.0
-60.799,17.8301,-8.378590597069607,-5.192435,16.26998202973049,-42.9124125,13.7602,-38.6933,12.325149999999999,2003.0,332.0
-64.254,18.8306,-8.85360538827839,-5.48625,17.195649737854964,-45.37375,14.5424125,-40.916124999999994,13.028875,2003.0,333.0
-68.899,20.0958,-9.52838821428571,-5.9138,18.492166743600126,-48.814125,15.525862499999999,-43.831,13.954725,2003.0,334.0
-53.659,15.9426,-7.335547060439547,-4.5215,14.285537165447206,-37.939750000000004,12.290487500000001,-33.966375,10.761275,2003.0,335.0
-52.1195,15.5306,-7.114510283882784,-4.3792,13.865565217620127,-36.8889375,11.9606625,-32.96425,10.44165,2003.0,336.0
-58.738,17.3097,-8.07926732783883,-4.9912,15.713769350955806,-41.43275,13.347624999999999,-37.3605,11.8782,2003.0,337.0
-58.25,17.2126,-8.000908835164841,-4.9371,15.571396059709622,-41.084875,13.2606625,-37.02825,11.7511,2003.0,338.0
-43.569,13.1592,-5.902779448717944,-3.62384,11.543523807324291,-30.9179375,10.12605,-27.336125000000003,8.67845,2003.0,339.0
-62.23,18.2962,-8.577138527472526,-5.29785,16.68507359438362,-44.010999999999996,14.1368875,-39.68525,12.64165,2003.0,340.0
-62.139,18.2633,-8.571769293040301,-5.2941,16.674189027539956,-43.976875,14.116975,-39.655875,12.641425,2003.0,341.0
-38.491,11.7445,-5.188007395604398,-3.21385,10.174763190560485,-27.315312499999997,9.0280125,-24.09355,7.703425,2003.0,342.0
-35.142,10.7958,-4.7182711932234405,-2.9008950000000002,9.272632803790865,-24.7515125,8.2561875,-21.944975,7.0612,2003.0,343.0
-28.5865,8.9217,-3.8040292445054944,-2.350565,7.511532194792036,-19.83575,6.7063500000000005,-17.903725,5.694224999999999,2003.0,344.0
-22.2063,7.0628,-2.9257401639194143,-1.84182,5.813128747146275,-15.5697625,5.2888625000000005,-13.97435,4.3744250000000005,2003.0,345.0
-28.7855,8.9567,-3.8389350192307745,-2.379595,7.579726239984564,-20.0150375,6.7333875,-18.017675,5.777275,2003.0,346.0
-61.403,18.0773,-8.466612369963373,-5.24175,16.508800916249612,-43.5089375,14.00135,-39.279875000000004,12.5666,2003.0,347.0
-48.82,14.6218,-6.661195316849818,-4.0777,13.033304363418981,-34.7269375,11.2713375,-30.831175,9.80495,2003.0,348.0
-52.235,15.5788,-7.146804083333331,-4.369199999999999,13.974264547275528,-37.1519375,12.076125000000001,-33.160624999999996,10.5343,2003.0,349.0
-52.295,15.5726,-7.165928573260068,-4.3823,14.00852442158863,-37.1989375,12.0775375,-33.29,10.5847,2003.0,350.0
-95.793,27.3041,-13.520583177655677,-8.4481,26.25037933417543,-69.248,21.5581125,-62.50575,19.5659,2003.0,351.0
-83.07300000000001,23.9432,-11.642182014652025,-7.29035,22.62900745040631,-59.5075,18.779700000000002,-53.8665,16.939225,2003.0,352.0
-75.354,21.8868,-10.510252950549448,-6.581099999999999,20.448328729575042,-53.92975,17.047562499999998,-48.726124999999996,15.398,2003.0,353.0
-99.306,28.2099,-14.080026064102565,-8.8142,27.31035839555699,-72.05475,22.3359625,-65.084,20.3276,2003.0,354.0
-108.786,30.826999999999998,-15.485294915750906,-9.67825,30.01218252733783,-79.18775,24.5848625,-71.80850000000001,22.263175,2003.0,355.0
-82.253,23.7569,-11.542393767399258,-7.27505,22.41801556125271,-58.996375,18.5923625,-53.34675,16.78515,2003.0,356.0
-82.4,23.8001,-11.571881371794865,-7.303749999999999,22.470988912627643,-59.1814375,18.627975,-53.4735,16.816275,2003.0,357.0
-76.393,22.2044,-10.688322272893775,-6.743,20.77054385733658,-54.783249999999995,17.2822,-49.46375,15.6161,2003.0,358.0
-77.753,22.5628,-10.897842719780225,-6.8870000000000005,21.169901827415178,-55.744,17.5896125,-50.386250000000004,15.890749999999999,2003.0,359.0
-90.53699999999999,25.9887,-12.792699525641012,-8.1204,24.810882840201167,-65.54849999999999,20.408962499999998,-59.015,18.52165,2003.0,360.0
-70.969,20.762,-9.902555824175833,-6.2162,19.253354909682162,-50.854875,16.066575,-45.73025,14.51725,2003.0,361.0
-52.676,15.7604,-7.249361006776557,-4.45665,14.150997955884165,-37.542500000000004,12.119449999999999,-33.636,10.67245,2003.0,362.0
-39.375,12.047,-5.346968252197801,-3.324135,10.4910338192666,-28.1514375,9.237525000000002,-24.845125,7.8772,2003.0,363.0
-30.4905,9.5113,-4.095184009523814,-2.5407450000000003,8.07795201982102,-21.3138625,7.14105,-19.173575,6.158125,2003.0,364.0
-29.485,9.2195,-3.954795519047618,-2.459965,7.809185986366552,-20.611275,6.935325,-18.53245,5.947150000000001,2003.0,365.0
-30.8,9.5973,-4.13944436849817,-2.562795,8.168552665624759,-21.5715625,7.2171875,-19.389125,6.23245,2004.0,1.0
-19.7885,6.3719,-2.6141454368131836,-1.647705,5.212509988348306,-14.075925,4.7391250000000005,-12.506725,3.9349925,2004.0,2.0
-12.8544,4.2777,-1.6714344282051286,-1.0484,3.3745492133894,-9.0875625,3.14656,-7.98855,2.539605,2004.0,3.0
-11.9698,4.0064,-1.552095827783884,-0.965055,3.1425965087554144,-8.504725,2.9426550000000002,-7.4113500000000005,2.3694100000000002,2004.0,4.0
-22.2492,7.0755,-2.959402003663004,-1.87239,5.885013684743358,-15.7944625,5.2868125,-14.023125,4.4551175,2004.0,5.0
-39.053,11.950800000000001,-5.304538101465206,-3.315005,10.441879350592272,-28.0085625,9.2203875,-24.6961,7.904425,2004.0,6.0
-34.9915,10.7981,-4.730975858498173,-2.957885,9.334540125522578,-24.8610625,8.3000375,-22.054375,7.1240250000000005,2004.0,7.0
-28.3762,8.8963,-3.8020450386813223,-2.362895,7.536671717045002,-19.917375,6.7152375,-17.904049999999998,5.7369,2004.0,8.0
-36.175,11.1329,-4.900860518864471,-3.056215,9.668363026913674,-25.815625,8.57295,-22.843125,7.38955,2004.0,9.0
-44.604,13.5206,-6.096575404395599,-3.80075,11.987267479364188,-32.0035625,10.4801875,-28.329875,9.07795,2004.0,10.0
-53.392,15.9587,-7.363980417765568,-4.5235,14.437838088344854,-38.245125,12.3956375,-34.307500000000005,10.8451,2004.0,11.0
-47.376,14.2928,-6.498436870695971,-4.0395,12.766608189694367,-33.9905,11.07685,-30.035874999999997,9.6323,2004.0,12.0
-38.003,11.6649,-5.160292480219776,-3.2397850000000004,10.179765066356714,-27.241750000000003,8.999337500000001,-24.057125,7.745,2004.0,13.0
-40.4255,12.3455,-5.506199605494509,-3.4757800000000003,10.851277092230426,-29.0639375,9.547699999999999,-25.657325,8.236025,2004.0,14.0
-39.796,12.1707,-5.416710819230772,-3.417985,10.680581702102849,-28.622,9.4073625,-25.24875,8.119275,2004.0,15.0
-36.185,11.1429,-4.907090636446882,-3.055485,9.693986453558534,-25.8725875,8.579425,-22.891275,7.373225,2004.0,16.0
-19.9006,6.4107,-2.6337674245421225,-1.669575,5.273813924762682,-14.240375,4.770975,-12.572225,4.010925,2004.0,17.0
-22.5232,7.1836,-2.996752414285715,-1.89191,5.983282816598513,-16.1558625,5.3588249999999995,-14.20205,4.5364249999999995,2004.0,18.0
-40.299,12.3089,-5.4929348756410254,-3.44412,10.840367373606936,-29.0251875,9.523825,-25.621,8.246975,2004.0,19.0
-51.9492,15.496599999999999,-7.19180229212454,-4.43405,14.121329001284433,-37.2605,12.088125000000002,-33.570375,10.655750000000001,2004.0,20.0
-19.7782,6.3734,-2.6184575516483513,-1.6623700000000001,5.248968843450054,-14.1580125,4.742975,-12.493500000000001,3.998945,2004.0,21.0
-25.6751,8.1149,-3.433380472014652,-2.141495,6.843649239752749,-18.3359,6.1068875,-16.3386,5.20345,2004.0,22.0
-26.0193,8.2179,-3.480827098901098,-2.1682949999999996,6.939194068253198,-18.5843375,6.189112499999999,-16.5744,5.28885,2004.0,23.0
-22.7581,7.2577,-3.029403867399268,-1.9076,6.058951679787697,-16.373462500000002,5.4160375,-14.38455,4.582025,2004.0,24.0
-21.9735,7.0324,-2.919837225457873,-1.84547,5.848559002880396,-15.8079375,5.2425,-13.87275,4.434575000000001,2004.0,25.0
-17.4147,5.6639,-2.2959618391941405,-1.451545,4.625143175339678,-12.3749625,4.2113837499999995,-11.026299999999999,3.5281725,2004.0,26.0
-9.247,3.2323399999999998,-1.1829185424908422,-0.717285,2.430426663267766,-6.4985,2.301975,-5.720725,1.837185,2004.0,27.0
-10.5023,3.631,-1.358269672527472,-0.824525,2.7804579333631,-7.4554,2.61749375,-6.52065,2.11368,2004.0,28.0
-11.3658,3.8924,-1.4747120278388288,-0.8980349999999999,3.0128730110311768,-8.1162375,2.82581,-7.097925,2.2881299999999998,2004.0,29.0
-16.788,5.4733,-2.2101403626373624,-1.389685,4.4649905041079325,-11.9678625,4.072375,-10.634525,3.392855,2004.0,30.0
-23.7208,7.5459,-3.161378512820512,-1.977695,6.33765443823091,-17.1292125,5.64585,-15.06245,4.7798,2004.0,31.0
-18.7171,6.058,-2.4729267005494506,-1.558895,4.987026878068887,-13.3571375,4.513775,-11.834175,3.7796875,2004.0,32.0
-22.0377,7.0412,-2.9307750219780253,-1.8410199999999999,5.887591142402032,-15.914800000000001,5.2587,-13.971274999999999,4.439975,2004.0,33.0
-28.372,8.8904,-3.8133705201465204,-2.3795,7.618363481052471,-20.3024125,6.8128375,-18.124924999999998,5.833275,2004.0,34.0
-34.2355,10.5693,-4.6417287728937735,-2.891025,9.238240413558465,-24.5974875,8.1025375,-21.80995,7.098375,2004.0,35.0
-40.399,12.3336,-5.514045201465199,-3.4046900000000004,10.946551301028164,-29.28325,9.531175,-25.83045,8.441375,2004.0,36.0
-35.555,10.9543,-4.827772716117213,-3.005785,9.606833603409056,-25.62365,8.410625,-22.655225,7.3871,2004.0,37.0
-61.0535,18.0201,-8.519571785714296,-5.1767,16.800465383820487,-44.1391875,14.212225,-40.062,12.8298,2004.0,38.0
-70.702,20.714100000000002,-9.913246282051285,-6.06925,19.525474843399945,-51.0925,16.3604625,-46.689125,14.767125,2004.0,39.0
-49.333999999999996,14.8574,-6.797849549450553,-4.1762999999999995,13.454400755242443,-35.71525,11.6625625,-31.8315,10.268049999999999,2004.0,40.0
-55.214,16.4321,-7.675438589743591,-4.670495000000001,15.153443038888401,-39.7888625,12.9557875,-35.9755,11.545575,2004.0,41.0
-25.8654,8.1811,-3.46663115934066,-2.169665,6.947012411211263,-18.7385375,6.2081875,-16.584274999999998,5.2987,2004.0,42.0
-94.499,27.9563,-13.52384928021977,-8.31735,26.54641931054229,-69.77012500000001,22.141025000000003,-63.245975,19.835350000000002,2004.0,43.0
-57.437,17.0083,-8.023544578754576,-4.896504999999999,15.82290910802435,-41.5651875,13.399862500000001,-37.68065,12.09815,2004.0,44.0
-27.2183,8.5824,-3.6585058278388303,-2.29568,7.323083420934284,-19.6583875,6.550325,-17.477725,5.611625,2004.0,45.0
-31.713,9.8864,-4.289272908424907,-2.649725,8.560762692116267,-22.797925,7.5849375,-20.3849,6.6049,2004.0,46.0
-51.301,15.3912,-7.105091490842488,-4.388185,14.054421366057761,-37.167187500000004,12.106875,-33.244275,10.757375,2004.0,47.0
-71.06,20.7575,-10.024792424908426,-6.13733,19.73679997579438,-51.752825,16.508924999999998,-47.27375,14.906975,2004.0,48.0
-56.163,16.7638,-7.8072897673992605,-4.8221,15.426172237259747,-40.564625,13.199325,-36.584500000000006,11.783525000000001,2004.0,49.0
-84.461,24.4424,-12.006674245421255,-7.35255,23.60142721231535,-62.094750000000005,19.7564375,-56.5835,17.651474999999998,2004.0,50.0
-96.911,28.4891,-13.854366798534798,-8.472249999999999,27.200504861373165,-71.586625,22.7079375,-64.7625,20.333025,2004.0,51.0
-109.02199999999999,32.621,-15.692096802197792,-9.65235,30.76724309993116,-80.97425,25.507375,-73.388,22.920625,2004.0,52.0
-76.012,22.2275,-10.742588337179486,-6.6593,21.117536465217604,-55.4735,17.6215125,-50.60475,15.9454,2004.0,53.0
-74.935,21.9412,-10.586962631666669,-6.56665,20.810056849022903,-54.62225,17.3463,-49.81625,15.7203,2004.0,54.0
-63.331,18.7936,-8.874903922344325,-5.5095,17.476942113988997,-46.0199375,14.686937499999999,-41.581125,13.36165,2004.0,55.0
-74.083,21.7482,-10.458179913003669,-6.49245,20.556504868188608,-53.7965,17.12865,-49.1585,15.5536,2004.0,56.0
-76.809,22.4972,-10.86786295421246,-6.74985,21.348365965812818,-56.128249999999994,17.7843375,-51.1455,16.117925,2004.0,57.0
-82.153,23.9479,-11.667247752747253,-7.2492,22.896397795652696,-60.378,19.1009625,-55.11025,17.229274999999998,2004.0,58.0
-82.26,23.984099999999998,-11.688802021978034,-7.26625,22.930967809456035,-60.484,19.119925,-55.19975,17.249875,2004.0,59.0
-80.31400000000001,23.471999999999998,-11.404449459706948,-7.094250000000001,22.371583264353127,-59.019125,18.6307875,-53.771,16.846600000000002,2004.0,60.0
-71.241,21.0035,-10.061481968864468,-6.2634,19.756053694022775,-51.8300625,16.466875,-47.261625,14.9684,2004.0,61.0
-38.139,11.7896,-5.232425510989017,-3.26497,10.368788844680283,-27.674274999999998,9.113525,-24.3948,7.9963,2004.0,62.0
-29.1747,9.1991,-3.958780509157508,-2.4664,7.8862634792724355,-20.9868875,6.9994375,-18.80895,6.049275,2004.0,63.0
-38.64,11.9021,-5.317863996336993,-3.3446499999999997,10.53113059807159,-28.111125,9.217649999999999,-24.77855,8.118649999999999,2004.0,64.0
-41.2835,12.6944,-5.685177318681315,-3.5803149999999997,11.25704551897584,-30.0283125,9.839287500000001,-26.49885,8.681,2004.0,65.0
-59.087,17.6752,-8.27884126373626,-5.16195,16.30100559423091,-42.9608125,13.75995,-38.6175,12.46075,2004.0,66.0
-73.724,21.679199999999998,-10.455814064102562,-6.51935,20.526563223264162,-54.06325,17.078375,-49.16575,15.4983,2004.0,67.0
-133.367,41.5365,-19.513445395604382,-12.35335,38.130187844998666,-100.932,31.0743125,-90.48025000000001,27.811175,2004.0,68.0
-134.226,42.1655,-19.706325435897433,-12.55085,38.468351415010375,-101.40725,31.3022625,-91.18849999999999,28.099225,2004.0,69.0
-41.7955,12.8426,-5.7807159170329685,-3.63991,11.416886422264941,-30.3862,9.907375,-26.871675,8.788525,2004.0,70.0
-70.293,20.622700000000002,-10.03000372637362,-6.27062,19.641915863785865,-51.8516375,16.2997375,-47.24164999999999,14.7651,2004.0,71.0
-95.935,27.967,-13.79916992124543,-8.7257,26.981432512340948,-71.30175,22.300762499999998,-64.49925,20.093049999999998,2004.0,72.0
-85.885,25.069,-12.288501215384612,-7.72925,24.040006312491606,-63.563624999999995,19.965374999999998,-57.961625,18.02835,2004.0,73.0
-64.638,19.286,-9.120812443406585,-5.71355,17.893476360113205,-47.2816875,14.9338625,-42.6265,13.625725,2004.0,74.0
-65.196,19.4228,-9.213816607399266,-5.7738,18.068340651250498,-47.749375,15.056875,-43.22825,13.7519,2004.0,75.0
-93.34,27.109,-13.423207578388281,-8.503499999999999,26.22708829945876,-69.376875,21.609650000000002,-62.815250000000006,19.536725,2004.0,76.0
-96.392,28.0788,-13.92210318589743,-8.80885,27.109350892605327,-71.78675,22.256275,-64.8895,20.173724999999997,2004.0,77.0
-75.968,22.4236,-10.866926465201464,-6.7936,21.129851990114442,-55.9969375,17.4717875,-50.79375,15.963325000000001,2004.0,78.0
-65.892,19.6741,-9.372520338827842,-6.019550000000001,18.22480647266279,-48.28375,15.2042625,-43.663875000000004,13.868324999999999,2004.0,79.0
-51.699,15.7093,-7.296771639194136,-4.66655,14.184400669584726,-37.6141875,12.0782875,-33.628625,10.933,2004.0,80.0
-71.678,21.2571,-10.275381597985357,-6.604699999999999,19.901437054243623,-52.465374999999995,16.50925,-47.843999999999994,15.081225,2004.0,81.0
-64.796,19.384,-9.243431637362626,-5.91875,17.912570877210086,-47.4754375,14.950375000000001,-42.86525,13.63365,2004.0,82.0
-92.921,27.194499999999998,-13.563624675641028,-8.73095,26.158730180085467,-69.37525,21.307,-62.672625000000004,19.451024999999998,2004.0,83.0
-129.446,39.611,-19.177834055128226,-12.2753,36.94746156116218,-98.205125,29.8929625,-88.0335,27.2108,2004.0,84.0
-55.067,16.5882,-7.859108121062274,-5.02203,15.193361694201275,-40.2576875,12.7253625,-36.159774999999996,11.63785,2004.0,85.0
-46.199,14.173,-6.531019805952373,-4.1121300000000005,12.63194425006238,-33.72725,10.7971,-29.888175,9.79925,2004.0,86.0
-91.776,26.7143,-13.453941970787561,-8.627749999999999,25.76973086800237,-68.4890625,20.9905,-61.95,19.137475000000002,2004.0,87.0
-88.444,25.916,-12.966165239926724,-8.41535,24.74279567687841,-65.745625,20.2124375,-59.8175,18.4426,2004.0,88.0
-97.578,28.4799,-14.502656259523814,-9.7821,27.402093829857915,-72.933375,22.3131625,-65.91250000000001,20.364275,2004.0,89.0
-122.56,37.1138,-18.461804353479856,-12.4976,34.812461224825064,-93.32425,28.1509125,-83.19825,25.501649999999998,2004.0,90.0
-164.025,52.681,-25.073544565934064,-16.420749999999998,47.255054938982006,-126.145625,37.99875,-113.89224999999999,34.86575,2004.0,91.0
-134.80100000000002,39.487,-19.797237262454207,-13.02075,37.27192708760234,-100.00425,29.843125,-88.826,27.133425000000003,2004.0,92.0
-158.145,46.062,-22.777119481318685,-15.303049999999999,42.76996876945468,-114.962625,34.2345625,-101.61325,31.27975,2004.0,93.0
-142.277,40.379,-20.431766738827854,-14.098700000000001,38.195409235950684,-102.37925,30.3707625,-90.7295,27.823325,2004.0,94.0
-183.159,52.964999999999996,-26.021959530769244,-17.9208,48.302557644897085,-129.41375,38.4201875,-116.56975,35.290524999999995,2004.0,95.0
-205.475,58.915,-28.892073538901123,-19.80005,53.284349726641885,-142.622875,41.94525,-129.4825,38.787125,2004.0,96.0
-179.751,50.1465,-25.45547505128204,-17.38205,46.84365262989135,-125.63075,37.348375,-112.214,34.17525,2004.0,97.0
-124.248,31.917,-17.592680620879104,-11.7438,31.62656620872019,-85.91875,24.7652,-75.01675,22.570025,2004.0,98.0
-90.01,24.1802,-12.99797362271063,-9.21995,23.185271383250477,-62.4876875,18.142075,-55.178275,16.490225,2004.0,99.0
-92.823,23.9486,-13.25915508058609,-9.6156,23.17192913966041,-62.63425,17.9719125,-54.96725,16.344575,2004.0,100.0
-103.635,26.3849,-14.839192148534801,-10.7167,25.865482102546984,-70.78399999999999,19.9409,-62.312749999999994,18.20455,2004.0,101.0
-127.664,31.0875,-18.06060900842492,-12.78465,31.279962313948747,-84.143375,24.0785,-75.64325,21.954775,2004.0,102.0
-166.47899999999998,41.719,-23.58265243479853,-16.59255,40.83974203983679,-110.52775,31.134625,-99.0765,28.912125,2004.0,103.0
-120.115,29.078,-17.151276657142844,-12.12055,29.086873520553162,-79.40075,22.123125,-70.35225,20.20115,2004.0,104.0
-105.998,25.7172,-15.215139237179462,-10.7644,25.492816910026008,-70.988625,19.2139125,-61.437,17.4959,2004.0,105.0
-102.992,26.7585,-15.344006895787524,-11.2061,26.030890000828705,-72.346625,20.0659875,-62.205749999999995,18.27975,2004.0,106.0
-111.936,26.2258,-16.123670971245403,-11.54225,26.429422508380963,-74.293875,19.586925,-63.7535,17.845025,2004.0,107.0
-122.398,28.821,-17.888269075457853,-12.95725,29.20460669412945,-82.583,21.6930375,-71.182125,19.887999999999998,2004.0,108.0
-159.65,35.959,-22.841138948351652,-16.5231,37.14069703653673,-105.054625,27.14475,-90.48599999999999,25.24465,2004.0,109.0
-199.138,47.1565,-28.91685461153844,-21.0667,47.02564953713,-135.833375,34.110625,-114.953,32.2993,2004.0,110.0
-181.977,39.659,-26.40778913827839,-19.13655,41.796717954935495,-117.32825,29.429187499999998,-103.06875,27.556175,2004.0,111.0
-194.79500000000002,42.405699999999996,-28.39904519487179,-20.532899999999998,44.45999723516395,-124.429625,31.072799999999997,-110.98949999999999,29.1388,2004.0,112.0
-179.453,37.617,-26.765015796520128,-21.05585,40.69929926381643,-116.030875,27.9036625,-100.27325,25.8611,2004.0,113.0
-231.51999999999998,52.0243,-34.95350589945056,-27.5514,52.69196559790177,-150.156,36.285,-131.54199999999997,33.394099999999995,2004.0,114.0
-187.492,46.748,-29.423367683150186,-22.1539,45.959813436463946,-131.713125,33.119025,-115.6845,30.283625,2004.0,115.0
-191.994,38.005,-30.16931599249086,-22.91835,43.11925241840364,-128.4410625,27.9408,-109.928425,24.50555,2004.0,116.0
-288.213,65.029,-44.45971455128201,-35.008035,64.82583847577145,-186.262875,44.4445625,-162.1165,40.601124999999996,2004.0,117.0
-338.054,80.72,-52.292748595421244,-41.598200000000006,77.19968443465112,-226.408,54.098625,-197.75375000000003,49.687999999999995,2004.0,118.0
-145.996,26.5229,-24.7610363415751,-20.290100000000002,33.136129244054636,-99.7529375,21.20385,-85.61775,18.42475,2004.0,119.0
-179.023,30.7261,-30.741548113553137,-25.5277,39.969067964202736,-118.9640625,24.7355625,-101.40375,21.766524999999998,2004.0,120.0
-187.164,30.7035,-32.046995697802195,-26.230885,41.234965412700234,-126.581375,24.7082375,-106.13425,21.72985,2004.0,121.0
-218.384,34.5602,-37.51319277619048,-29.9077,47.35413703977251,-145.33350000000002,27.7751125,-125.30630000000001,24.534475,2004.0,122.0
-335.309,54.745,-55.63920946337001,-45.6156,71.4168163568282,-210.86475000000002,46.018875,-181.231625,39.969899999999996,2004.0,123.0
-215.639,35.5395,-38.332113695970655,-31.1686,47.290755962388694,-141.514875,28.55565,-122.2225,24.81335,2004.0,124.0
-182.15099999999998,30.4833,-34.34487172893776,-28.962206000000002,40.77830020740343,-122.401375,24.238325,-106.62965,21.049025,2004.0,125.0
-186.96,24.7775,-33.91248330769234,-27.0094,39.45281195955406,-129.889625,19.301375,-109.124025,16.82265,2004.0,126.0
-211.824,28.1064,-40.04168486996334,-31.76905,44.929459120072835,-144.9023125,21.7272125,-125.325425,18.436575,2004.0,127.0
-232.732,31.4985,-46.11014888461541,-37.268725,50.39338423049463,-161.847125,24.622700000000002,-140.6434,20.64525,2004.0,128.0
-263.059,39.3713,-52.11752215567769,-45.01275,56.381135660199156,-174.38774999999998,31.1242125,-149.36667500000001,26.405549999999998,2004.0,129.0
-179.954,25.8609,-39.08606315201465,-34.26655,40.047791078405496,-126.782625,19.9132875,-109.565525,16.759124999999997,2004.0,130.0
-214.595,24.8976,-45.45326116300361,-38.027699999999996,46.6312622147733,-152.853525,19.1755,-133.54649999999998,16.1222,2004.0,131.0
-263.681,33.349000000000004,-57.48288833699632,-48.74185,56.991038870660965,-179.359375,26.467550000000003,-157.24307499999998,21.69285,2004.0,132.0
-248.981,30.0333,-55.0535987765568,-47.64665,52.83931757467493,-166.1284875,22.5554875,-148.807075,18.876325,2004.0,133.0
-247.099,30.9225,-58.468754382783914,-50.37235,54.228800687010896,-174.17225,23.1721875,-153.05647499999998,19.287475,2004.0,134.0
-238.35399999999998,30.257,-57.99119825219779,-50.7485,52.63199822871974,-171.123375,22.377525,-150.427975,18.232575,2004.0,135.0
-248.567,29.1094,-60.58088750164831,-52.0449,54.75597612346799,-175.15175,21.5969875,-160.079075,17.563675,2004.0,136.0
-335.824,43.218,-80.70762596062269,-73.42545000000001,71.55945060689602,-230.5808125,32.246475000000004,-210.226225,25.7398,2004.0,137.0
-427.879,59.695,-98.54459445465206,-87.69284999999999,89.85485399108471,-291.840125,45.480625,-262.4415,35.9182,2004.0,138.0
-589.8199999999999,86.736,-129.82022209523817,-113.47149999999999,122.32296183187347,-401.961125,65.63325,-350.54125,52.1769275,2004.0,139.0
-435.632,55.807,-108.3963794606227,-100.1683,92.06351785434653,-300.908875,41.755562499999996,-271.45612500000004,31.888749999999998,2004.0,140.0
-296.791,37.455,-80.57040629487184,-74.98825,64.75733968860995,-216.320375,26.843087500000003,-194.81095,19.55285,2004.0,141.0
-345.886,38.032,-94.88714868150187,-87.0279,74.40404630708704,-248.321,26.8416125,-226.484175,18.880825,2004.0,142.0
-332.291,42.209,-93.82648958608065,-89.0163,72.16669835161922,-243.8365,29.6884,-222.51025,19.446475,2004.0,143.0
-333.46000000000004,43.3015,-95.86236399157514,-92.28875,72.58698518687602,-248.506,29.5156875,-226.97175,19.4526,2004.0,144.0
-285.364,39.233,-83.93701990934076,-81.1705,62.81863973107173,-217.0455,25.709325,-197.78375,16.9385,2004.0,145.0
-319.482,40.449,-97.93398657380962,-94.0056,70.30682731272226,-244.631875,25.505625000000002,-224.7685,14.72645,2004.0,146.0
-191.799,35.928,-53.06290246336998,-45.55005,45.55971515403487,-150.79874999999998,22.43405,-135.623,13.3483775,2004.0,147.0
-379.618,52.536,-111.11283755311347,-106.128869,80.95997713523148,-284.972625,31.595637500000002,-251.58875,18.676675,2004.0,148.0
-519.808,70.037,-145.48570973443208,-137.73899999999998,107.64124511108645,-378.049625,44.424675,-330.035,24.649075,2004.0,149.0
-258.559,52.092999999999996,-61.15265573626371,-47.201350000000005,63.80662766843011,-203.06199999999998,31.067375000000002,-180.02700000000002,22.808275000000002,2004.0,150.0
-239.93,45.3275,-64.90125863388272,-54.08811,56.70230580933101,-188.230625,26.508625000000002,-168.41475000000003,15.74929025,2004.0,151.0
-259.902,43.638,-77.78974434798533,-69.94290000000001,58.32521327896982,-200.962625,25.3739625,-185.44875000000002,13.5444,2004.0,152.0
-266.038,46.066,-77.9006677888279,-68.38765,60.2830541976041,-205.699,25.9720875,-187.65825,14.3976375,2004.0,153.0
-483.127,64.803,-150.1006353904028,-142.72001508,101.02109384344843,-360.38237499999997,36.5578125,-319.29825,13.9358325,2004.0,154.0
-598.409,81.8245,-177.59252635347988,-165.1230875,122.0816928794765,-438.0165,38.206062499999994,-389.83,14.22245,2004.0,155.0
-679.615,98.487,-188.7173883095239,-171.49699999999999,137.99692056387718,-482.640375,44.8104375,-433.00825,17.9714,2004.0,156.0
-628.44,90.041,-182.12370396556796,-166.030825,127.84492730396855,-452.975,40.696,-408.8435,14.583125,2004.0,157.0
-244.654,51.677,-56.13073642582414,-44.42645,62.36276618195903,-193.36475000000002,30.2013875,-175.64425,23.0588275,2004.0,158.0
-238.70499999999998,39.4825,-80.47193702527471,-73.6899,53.38113224353068,-188.8025,17.845475,-178.01875,5.297175,2004.0,159.0
-281.348,30.1516,-107.11877867553123,-104.7018,61.08882621549417,-229.18625,14.1457,-210.7855,0.92057025,2004.0,160.0
-460.716,46.01,-169.97697087802197,-167.71955,96.93079594545627,-364.45574999999997,20.912925,-323.6535,1.35894625,2004.0,161.0
-412.76,47.751,-144.03084743772877,-136.24065000000002,86.09451790210913,-314.84775,23.389725,-289.93825000000004,1.5793175,2004.0,162.0
-238.869,38.395,-64.62781408974361,-52.3582265,56.878906975588336,-189.69575,18.385709374999998,-171.585,11.4506145,2004.0,163.0
-250.99,38.4235,-73.7607817135531,-62.068,58.02099499898709,-198.78925,17.4075,-180.27925,6.4383,2004.0,164.0
-238.93,30.634,-86.23647229842486,-80.23910000000001,51.773417996767215,-190.68599999999998,8.24693375,-181.07524999999998,-6.3362750000000005,2004.0,165.0
-292.601,35.9675,-107.56406896580579,-100.7732,61.828294902591864,-231.794375,7.19785,-219.66899999999998,-9.7376075,2004.0,166.0
-400.923,44.83,-149.47372830256415,-142.58645,81.79273865988395,-311.60225,6.6036375,-289.88875,-16.10555,2004.0,167.0
-278.8,38.313,-95.07239028100712,-84.775495,60.47385575897362,-219.517625,8.73724625,-205.42775,-9.878075,2004.0,168.0
-371.171,29.3081,-155.74075672190466,-154.7821,76.75550668873665,-306.98075,-0.9175749999999999,-275.55175,-25.892425000000003,2004.0,169.0
-497.63800000000003,45.5475,-186.36258541181303,-176.89755000000002,98.11129746012935,-382.66125,-2.0729912499999994,-354.00725,-31.180300000000003,2004.0,170.0
-546.425,57.474000000000004,-179.94116076373632,-165.72480000000002,108.18318679169688,-403.167375,2.9326187499999996,-375.26025,-22.62285,2004.0,171.0
-417.271,36.8595,-168.67757673968862,-162.99895,82.39279418981707,-333.06737499999997,-11.227237500000001,-308.30175,-35.910325,2004.0,172.0
-436.272,38.9515,-174.59622423782045,-167.83375,85.35131386431196,-345.016125,-12.186275,-320.8385,-36.186825,2004.0,173.0
-441.214,32.4562,-186.56315398516494,-186.441,86.81393940934244,-357.452625,-12.7613875,-331.35875,-40.6225,2004.0,174.0
-406.304,27.7033,-178.154338039011,-178.4901,81.21995228382215,-337.817875,-14.198899999999998,-303.37874999999997,-37.944424999999995,2004.0,175.0
-466.92699999999996,36.0993,-191.6177624565202,-189.58225,90.94145034190262,-375.131375,-14.114425,-346.831,-42.1572,2004.0,176.0
-416.238,39.856,-148.89384373663012,-136.935,83.46894475394342,-323.0735,-6.7853125,-300.82275000000004,-30.409525,2004.0,177.0
-578.894,47.294,-221.52915514597075,-209.82595,110.31928021279006,-445.809125,-16.182537500000002,-415.96125,-47.808749999999996,2004.0,178.0
-713.619,64.627,-231.13823492930422,-211.2695,135.2682256524495,-518.692125,-7.7443125,-480.51425,-38.692750000000004,2004.0,179.0
-768.24,72.451,-232.72129439102576,-203.8002,148.19156308569228,-558.4535,-2.376912500000001,-507.8715,-24.7101975,2004.0,180.0
-695.04,62.407,-234.6645451738092,-216.0278,132.70920348948331,-514.777375,-9.587750000000002,-476.29175,-47.0225,2004.0,181.0
-593.149,48.827,-224.0390264351648,-212.50005,111.766031639721,-452.739875,-18.326649999999997,-423.71925,-50.556824999999996,2004.0,182.0
-540.955,53.2,-171.70755106483503,-150.63265,108.77716813332258,-407.57975,1.0941425,-376.4305,-22.830455,2004.0,183.0
-355.23,39.713,-106.7347926987179,-88.251115,78.87085187321406,-281.118375,8.101981250000001,-256.8215,-4.2322750000000005,2004.0,184.0
-383.49,32.819,-153.19535544725292,-145.7936,74.50023834408988,-303.676875,-15.4703,-282.5445,-38.3202,2004.0,185.0
-472.266,37.613,-193.7269763780221,-185.5026,89.36083752026818,-374.848625,-22.93825,-348.453,-51.0248,2004.0,186.0
-553.485,46.474,-210.73277660384608,-200.1651,104.80122135575996,-423.75687500000004,-18.9440625,-396.1755,-49.294624999999996,2004.0,187.0
-618.466,50.653,-233.59679262655652,-221.63215,115.1836145685196,-469.855375,-23.686374999999998,-437.6615,-57.889175,2004.0,188.0
-454.065,44.1995,-152.92523118901096,-134.7874,91.70652418337446,-347.97625,-4.28938,-324.86975,-29.274825,2004.0,189.0
-417.76,39.8645,-147.39809248571424,-132.63490000000002,83.95971545567524,-320.2655,-7.733125,-302.19225,-31.346330000000002,2004.0,190.0
-493.443,41.8845,-190.35058808608053,-178.24675000000002,93.64846631304137,-382.71362500000004,-21.0083,-357.06825000000003,-51.989125,2004.0,191.0
-577.119,48.431,-216.44404514322343,-204.07895000000002,108.51467769857997,-439.308875,-20.1145,-408.34825,-55.323274999999995,2004.0,192.0
-437.362,46.356,-128.98227502655666,-106.69005,94.19234582960478,-341.45025000000004,7.7372125,-309.8785,-8.0413,2004.0,193.0
-452.148,42.9575,-155.14334067673994,-137.56595,90.71883773026546,-345.2165,-6.7742125,-325.42924999999997,-33.56091075,2004.0,194.0
-669.79,60.559,-221.12171470741742,-196.4091,129.53411639448336,-498.77875,-9.126875,-465.34950000000003,-41.77425,2004.0,195.0
-595.567,57.537,-183.00581383241763,-156.89675,120.07399398040458,-450.4295,-0.7920012499999993,-411.68975,-24.3988075,2004.0,196.0
-645.964,57.5875,-214.69307154432235,-190.88995,123.98647530338897,-483.879,-15.47525,-447.7475,-47.850750000000005,2004.0,197.0
-715.89,63.523,-229.30248049395612,-203.09591899999998,136.5737060768851,-523.4981250000001,-13.869,-485.924,-43.648725,2004.0,198.0
-726.094,68.44500000000001,-208.27459179487158,-178.86915,144.6141177630016,-537.602875,0.28705000000000014,-491.72,-19.450924999999998,2004.0,199.0
-806.31,75.309,-238.5367241831501,-208.11865,160.7030266157825,-598.2335,-4.352,-551.92225,-24.50225,2004.0,200.0
-556.76,75.6651,-134.49193014999992,-106.499,123.97398195467238,-426.40625,31.8814375,-381.17475,20.3002875,2004.0,201.0
-492.875,49.536,-147.30596660860803,-124.27391399999999,103.26132710852241,-380.06825000000003,3.1042999999999994,-347.74975,-15.2584,2004.0,202.0
-437.566,39.54,-158.57267676437735,-142.69725,86.08245057902914,-335.242625,-14.611624999999998,-318.328,-40.8948,2004.0,203.0
-487.185,40.8595,-187.64757284981692,-174.8048,92.4474502971598,-375.13349999999997,-24.819312500000002,-351.2635,-55.36625,2004.0,204.0
-625.011,52.75,-223.5838931116117,-204.3402,118.10827650800644,-471.21612500000003,-20.42975,-442.69,-57.21625,2004.0,205.0
-743.774,65.33,-234.3197384862638,-204.2701,142.2919251452004,-547.1827499999999,-14.654625,-506.69849999999997,-45.675625000000004,2004.0,206.0
-805.625,69.169,-238.31833491300384,-206.82295,150.34981549445865,-572.0493749999999,-13.5723125,-532.1635,-38.628,2004.0,207.0
-618.179,56.143,-194.60444640695985,-167.26389999999998,120.59894411410474,-459.825625,-10.093874999999999,-423.72225,-37.795249999999996,2004.0,208.0
-449.449,38.246,-173.64475436538467,-160.06079999999997,85.83347314283044,-348.455375,-25.7786875,-328.482,-51.220625,2004.0,209.0
-252.714,25.9027,-90.13780954413924,-78.29615000000001,54.10530924909744,-209.5215,-7.000837499999999,-190.01475,-19.944074999999998,2004.0,210.0
-326.176,27.6651,-136.308376191392,-127.11543,63.017308088093905,-262.92725,-24.38485,-247.9425,-41.6662,2004.0,211.0
-462.856,37.7729,-182.56354611593395,-170.70962500000002,86.88282281096218,-358.77025,-30.996437500000003,-337.09825,-52.8015,2004.0,212.0
-506.525,41.6715,-196.46863264670347,-182.274,95.17226559106943,-392.38212500000003,-33.523875000000004,-370.7115,-56.67125,2004.0,213.0
-534.541,70.958,-210.9875738576923,-199.87315,100.02232232181622,-412.63374999999996,-35.244749999999996,-387.8925,-61.151375,2004.0,214.0
-611.67,82.372,-226.04642628912083,-208.85125,114.1198369386338,-463.20624999999995,-32.834875,-434.9685,-62.193625,2004.0,215.0
-578.063,77.165,-220.7650074076189,-207.6122,108.1472766144076,-442.13,-34.6869375,-418.00800000000004,-62.031875,2004.0,216.0
-596.738,83.078,-212.866051899634,-194.32407999999998,113.4799757719309,-453.302125,-22.7571875,-420.6775,-54.686625,2004.0,217.0
-429.767,72.265,-129.78551921355296,-108.71945,91.38519186229175,-338.91274999999996,0.9466874999999999,-309.78725,-12.612624999999998,2004.0,218.0
-681.17,96.477,-215.02715943333354,-192.7875,130.69780071725532,-495.72125,-12.760187499999999,-465.18475,-39.67475,2004.0,219.0
-458.486,75.751,-137.1091836413918,-114.44905,96.92281105854029,-357.066375,4.064562500000001,-326.98199999999997,-13.142700000000001,2004.0,220.0
-284.508,50.955,-92.79056530842492,-78.504345,63.14173056723051,-234.04425,0.7566874999999993,-212.84199999999998,-11.030375,2004.0,221.0
-273.689,46.122,-98.82346948802201,-87.566,58.4220017570615,-220.279,-5.8481749999999995,-207.0675,-18.078175,2004.0,222.0
-476.661,63.925,-186.04395448223423,-178.1648,91.92850379545163,-370.3985,-16.1974875,-348.4205,-42.3968,2004.0,223.0
-514.842,70.37,-192.65390230421232,-182.087,100.55324478423756,-397.398875,-10.36275,-370.66925000000003,-42.66975,2004.0,224.0
-521.118,71.239,-193.59934837362616,-181.98135,102.10260278506243,-400.838125,-12.118112499999999,-375.3945,-41.280125,2004.0,225.0
-599.385,83.31,-204.8109787326007,-188.0424,117.60586582234197,-447.943375,4.973562500000001,-419.5195,-33.5395,2004.0,226.0
-561.253,87.984,-168.04795771336998,-142.441,116.41758442913444,-427.8435,8.33413,-392.7125,-13.667499999999999,2004.0,227.0
-502.439,74.395,-172.2997579084249,-157.07049999999998,100.4800490863337,-376.546125,0.8696249999999999,-357.0205,-29.221249999999998,2004.0,228.0
-522.584,74.78,-185.91977081318677,-174.59654999999998,104.49917469229256,-398.471625,9.29325,-375.206,-30.126625,2004.0,229.0
-413.48199999999997,62.526,-147.54178489926718,-136.817,84.4712555987167,-318.513125,7.2450375000000005,-303.67774999999995,-21.939375000000002,2004.0,230.0
-351.35699999999997,46.991,-146.1615362296704,-143.0743,72.16812250802754,-284.168,5.0525625000000005,-269.40250000000003,-24.6791,2004.0,231.0
-385.961,51.678,-158.11443795421252,-153.97575,79.6600293824968,-309.99287499999997,5.46510625,-292.563,-24.322575,2004.0,232.0
-429.668,58.447,-167.6108127435896,-161.025,88.16703686193055,-336.532125,12.96145,-317.27575,-17.269125,2004.0,233.0
-281.292,50.246,-89.60993439798533,-77.82339999999999,62.79906616851407,-220.00375,13.8287875,-209.3025,-4.074249999999999,2004.0,234.0
-317.28,48.851,-119.2887284744871,-112.99029999999999,67.47828122058228,-250.056,14.1529875,-239.8535,-9.466550000000002,2004.0,235.0
-227.25,43.3935,-63.32050389377291,-52.87075,51.9369026008482,-178.98775,13.292875,-162.4585,4.61834,2004.0,236.0
-279.23199999999997,45.662,-100.37845686355308,-93.322805,60.879883532450044,-219.718875,16.737775,-211.052,-4.548375,2004.0,237.0
-409.062,61.217999999999996,-143.4041328021977,-137.50245,86.00610421596757,-315.909125,22.5404125,-295.3455,-5.7136000000000005,2004.0,238.0
-379.558,57.211,-134.4515712051282,-129.683945,81.05911834402416,-295.00849999999997,25.9255875,-277.13975,2.3522,2004.0,239.0
-435.836,67.19,-143.43408053113563,-136.13525,93.25038518266946,-329.602375,35.513374999999996,-311.24025,14.67135,2004.0,240.0
-442.08299999999997,69.115,-141.16217562087903,-132.2809,94.04601748856135,-329.1965,36.225125,-311.41825,15.334425,2004.0,241.0
-306.817,56.577,-89.86383987362628,-79.60387,69.53019715035298,-236.9185,30.469625,-220.78300000000002,16.6267,2004.0,242.0
-267.866,49.152,-81.575577004762,-73.81225,61.05104573926663,-205.94037500000002,26.2578125,-195.12099999999998,14.582374999999999,2004.0,243.0
-316.543,58.157,-89.78175804945059,-80.35725,72.036350913197,-240.27375,31.9876875,-223.88425,22.884575,2004.0,244.0
-299.55,63.006,-68.32994946703302,-55.511295,72.81769608411749,-231.34187500000002,35.685125,-211.788,27.809025,2004.0,245.0
-261.26,63.059,-47.62931124249082,-32.269999999999996,70.68926566047136,-205.612125,43.4668425,-183.91675,39.0971775,2004.0,246.0
-384.254,67.794,-125.73453315042123,-122.63674999999999,94.80375837117523,-314.6095,41.9235,-287.64775,33.975875,2004.0,247.0
-332.224,64.448,-104.34826165750917,-99.17425,84.47449525908613,-275.75,40.66875,-253.25074999999998,33.83025,2004.0,248.0
-346.656,64.263,-109.52579404816848,-105.64779999999999,87.66878616589304,-285.84425,41.08525,-258.4205,33.940225,2004.0,249.0
-243.804,44.8335,-76.64695303058616,-74.89577299999999,61.67014506093511,-199.611875,28.712875,-180.3455,23.109675,2004.0,250.0
-284.397,49.208,-87.14030371978028,-88.7524,71.42612497601688,-231.536875,31.606862500000002,-206.93675000000002,25.6839,2004.0,251.0
-258.674,51.835,-76.17328562976186,-69.6558,66.8941832349827,-209.68337499999998,33.2076875,-192.24025,27.01725,2004.0,252.0
-132.05,32.7965,-29.780691631501817,-24.5293,35.456428268056484,-106.76675,21.0287125,-95.54675,17.67595,2004.0,253.0
-150.19899999999998,30.8015,-43.60507953846157,-41.35435,39.80387321380757,-123.2625,20.4672625,-112.43475,17.3577,2004.0,254.0
-147.019,35.21,-39.74267914652017,-34.6529,40.53731361073243,-122.45425,23.5476,-112.8905,20.373775000000002,2004.0,255.0
-214.601,49.368,-56.785719706959675,-48.40396,58.8100283082569,-180.45375,34.121,-167.11374999999998,29.148175,2004.0,256.0
-307.779,55.635,-83.0755919340659,-78.28917999999999,80.2524379604211,-251.4565,39.434625000000004,-222.51,33.014649999999996,2004.0,257.0
-341.709,67.598,-88.16279599267403,-79.4805,89.5436613268894,-273.94875,47.56925,-251.1405,40.17725,2004.0,258.0
-331.645,65.411,-84.26569239743593,-76.61094499999999,87.08012863431269,-266.637625,45.785125,-241.70100000000002,38.5463,2004.0,259.0
-264.869,58.158,-65.28897659157506,-56.8095,71.72406138542658,-222.129625,41.514,-199.0915,33.991749999999996,2004.0,260.0
-224.365,51.665,-54.2771901739927,-46.644077499999995,61.83614957138659,-187.851,36.653875,-172.77175,30.258499999999998,2004.0,261.0
-234.075,57.66,-53.9992468699634,-42.37375,66.03466188471809,-203.75512500000002,41.76775,-181.13925,33.990875,2004.0,262.0
-235.636,61.121,-50.97552551921243,-37.55675,67.09473660800477,-205.956,44.25425,-180.41625000000002,35.967625,2004.0,263.0
-210.454,40.8285,-48.99563835714285,-41.25375,55.20154483707974,-174.789,28.512062500000003,-148.26425,24.041125,2004.0,264.0
-278.058,53.126,-61.67075814652011,-50.195750000000004,72.15539714130337,-230.14587500000002,38.162375000000004,-192.71949999999998,32.33955,2004.0,265.0
-270.076,67.448,-57.19568244505496,-41.5655,76.03715239645871,-230.67175,49.080124999999995,-205.36475000000002,41.2205,2004.0,266.0
-281.597,70.354,-57.84871186721607,-42.6379,78.90474855443568,-238.536125,51.024375,-211.703,43.24575,2004.0,267.0
-350.116,80.531,-69.61157726190481,-51.8703,94.15584763409292,-285.66325,59.9475,-248.56725,49.984625,2004.0,268.0
-333.983,85.376,-65.312632179304,-44.834,94.81082540651282,-284.772875,63.992000000000004,-251.09325,55.512125,2004.0,269.0
-268.403,66.794,-55.649094576923055,-41.074,76.80243260938006,-232.900875,50.013,-201.82425,43.668375,2004.0,270.0
-277.635,67.569,-54.98841630586081,-39.58925,77.72705256125316,-227.852,50.7958125,-201.7585,44.1665,2004.0,271.0
-312.978,80.716,-61.318091329670324,-44.256,89.97935535551102,-268.28337500000004,61.080999999999996,-228.15875,52.5275,2004.0,272.0
-213.55,57.825,-41.81285231501829,-30.75,62.32998471468329,-183.939125,42.584,-156.828,37.287125,2004.0,273.0
-134.852,36.5865,-23.633026523809548,-15.214749999999999,36.98673616124152,-105.58175,26.391575,-95.32925,23.3424,2004.0,274.0
-151.565,31.0336,-25.038444578754557,-17.6455,36.763572142998214,-110.2593,22.3384,-95.772,19.529525,2004.0,275.0
-169.428,46.246,-31.641874721611707,-22.6582,48.87931726605769,-141.92362500000002,33.5385,-124.2935,30.452975000000002,2004.0,276.0
-133.387,30.149,-21.707455042124515,-14.82515,33.26303277066728,-95.6040625,21.62725,-85.676,19.0238,2004.0,277.0
-218.409,55.361,-37.16435936080587,-27.2177,58.822324656200706,-167.99200000000002,40.4398875,-148.82875,36.0776,2004.0,278.0
-302.558,80.935,-51.104818351648305,-35.935500000000005,84.37628805197349,-238.093,59.784875,-214.7125,52.53875,2004.0,279.0
-339.789,88.267,-54.82598067765567,-36.4506,91.88423527451185,-261.48650000000004,64.787375,-233.9,57.556875,2004.0,280.0
-266.983,74.04,-44.66614064102562,-29.938499999999998,75.25071144463683,-210.85000000000002,54.28575,-190.51825,48.082625,2004.0,281.0
-251.251,69.333,-41.92991638095246,-27.924100000000003,70.92373433990736,-198.58225000000002,50.38375,-178.174,44.67575,2004.0,282.0
-324.148,86.047,-50.653111902930426,-34.33155,87.33301330378268,-245.8195,63.403875,-219.20475,55.642125,2004.0,283.0
-250.101,71.427,-41.10787036813187,-27.930300000000003,71.05816395389334,-198.92825,51.3083125,-179.6605,45.953625,2004.0,284.0
-236.821,67.136,-38.18067829670328,-26.222,66.79739238491813,-187.33450000000002,48.6269375,-167.49,43.787749999999996,2004.0,285.0
-184.79,52.464999999999996,-29.539406439560455,-20.311300000000003,51.5994082548154,-142.80675,36.8699375,-128.40025,34.422125,2004.0,286.0
-140.784,39.987,-21.671029432234423,-14.6609,38.52476648845258,-107.209875,28.1541875,-92.94225,25.870449999999998,2004.0,287.0
-158.174,45.0685,-24.456733131868127,-16.7988,43.490954406608246,-120.729875,31.62915,-105.11875,29.467525000000002,2004.0,288.0
-111.902,31.861,-17.17456298534798,-11.418400000000002,30.684833151098637,-85.9181875,22.7589,-76.73249999999999,20.544175,2004.0,289.0
-82.977,23.7773,-12.374168443223448,-8.2878,22.27353297814005,-62.061375,16.7635,-54.287625,15.089575,2004.0,290.0
-83.449,23.9135,-12.447436749084241,-8.33135,22.531822773201018,-62.481375,17.0418625,-55.78725,15.367175,2004.0,291.0
-80.56,23.1673,-11.832012648351656,-8.022200000000002,21.482236334825043,-59.6445,16.4475625,-49.97975,14.799975,2004.0,292.0
-88.054,25.1643,-12.875348853479867,-8.7707,23.508638244875083,-65.76887500000001,18.0388625,-54.53425,16.252825,2004.0,293.0
-88.254,25.2415,-12.807315470695974,-8.63095,23.451186060258507,-65.930375,18.094862499999998,-54.54525,16.293825,2004.0,294.0
-93.224,26.707,-13.571880597069592,-9.1011,24.834246977887585,-69.834625,19.091225,-57.960499999999996,17.24655,2004.0,295.0
-94.812,27.206,-13.796896075091574,-9.271450000000002,25.258863042084762,-70.30275,19.4076375,-59.12525,17.547349999999998,2004.0,296.0
-107.076,30.8015,-15.720512157509159,-10.54165,28.741058969041912,-80.790125,21.95335,-67.63825,19.904975,2004.0,297.0
-96.462,27.762999999999998,-14.103411663003659,-9.47605,25.794190114167616,-72.41487500000001,19.7476375,-60.32825,17.854525,2004.0,298.0
-91.59,26.3829,-13.4921323992674,-9.0877,24.660338016031133,-68.59175,18.820825,-60.34775,16.915225,2004.0,299.0
-86.395,24.909499999999998,-12.658233305860813,-8.54375,23.14791407147245,-64.54175000000001,17.7953125,-55.2713,15.9184,2004.0,300.0
-107.707,31.1505,-15.830533586080579,-10.58695,28.94175801559059,-81.303375,22.0880125,-68.15675,19.949949999999998,2004.0,301.0
-100.662,29.141,-14.75661758791208,-9.9483,26.98380520506624,-75.751625,20.6167,-63.29625,18.6469,2004.0,302.0
-116.226,33.741,-17.23300985164837,-11.6595,31.450122634950997,-88.04875,23.992775,-75.5565,21.610975,2004.0,303.0
-115.187,33.495,-16.951124957875464,-11.2669,31.0942796379404,-87.238,23.766512499999997,-73.76225,21.4192,2004.0,304.0
-124.425,36.262,-18.373083871794865,-12.14355,33.717439921952476,-94.515875,25.74765,-80.55225,23.207775,2004.0,305.0
-108.699,31.704,-15.96022945970695,-10.6793,29.309721566317773,-82.1045,22.3981125,-70.41525,20.162725000000002,2004.0,306.0
-105.701,30.866,-15.458600320512812,-10.4152,28.37867500577592,-79.731125,21.769637499999998,-66.949,19.5762,2004.0,307.0
-123.095,36.046,-18.191513163003663,-12.0536,33.3591044605085,-93.422,25.422475,-79.946375,22.91675,2004.0,308.0
-132.087,38.772,-19.58972707509156,-12.90165,35.88656730697847,-100.48962499999999,27.3616375,-84.8675,24.6741,2004.0,309.0
-167.081,49.231,-25.08098911538461,-16.42575,45.896149705500946,-126.390625,34.581937499999995,-109.79475000000001,31.656375,2004.0,310.0
-124.251,36.606,-18.359173723443224,-12.21705,33.61684406739191,-93.0495,25.706174999999998,-80.07624999999999,23.137050000000002,2004.0,311.0
-87.733,25.8128,-12.714050935897447,-8.58235,23.35820297381302,-65.61200000000001,18.125975,-54.61125,16.072975,2004.0,312.0
-94.086,27.73,-13.688815597069594,-9.183050000000001,25.12554848220011,-69.5715,19.38045,-59.03125,17.333375,2004.0,313.0
-112.615,33.285,-16.547716289377274,-11.037849999999999,30.324195887735417,-84.154,23.1562125,-71.9515,20.906525000000002,2004.0,314.0
-82.112,24.2438,-11.87609028205129,-8.0312,21.820045915687135,-60.7155,16.776025,-51.0515,15.030425000000001,2004.0,315.0
-91.475,27.0655,-13.315710127289385,-8.921050000000001,24.432464719698473,-67.6535,18.8671,-57.35225,16.80405,2004.0,316.0
-110.743,32.856,-16.28666749139193,-10.80535,29.830755332342257,-82.236875,22.731175,-70.74025,20.562849999999997,2004.0,317.0
-113.107,33.6125,-16.657142652564108,-11.03895,30.497744265340142,-84.14025,23.225462500000003,-72.43075,21.01955,2004.0,318.0
-117.163,34.886,-17.285881068681327,-11.447849999999999,31.635502895817414,-87.38425000000001,24.104925,-75.31424999999999,21.765774999999998,2004.0,319.0
-139.6,41.709,-20.83253170421245,-13.76815,38.07266219810055,-105.84475,29.1221875,-90.59925,26.20395,2004.0,320.0
-148.862,44.572,-22.280770093150196,-14.6736,40.70022063366255,-113.163375,31.125,-97.38725,28.04975,2004.0,321.0
-132.276,39.653,-19.69013431684981,-12.93525,35.97253502208484,-99.8125,27.4813,-85.38575,24.71455,2004.0,322.0
-118.081,35.422,-17.470273119413903,-11.473849999999999,31.927109413403386,-88.236125,24.2818625,-76.07275,21.8524,2004.0,323.0
-103.211,30.973,-15.154331207326006,-9.9762,27.714790625011112,-76.20487499999999,21.071975,-65.25525,19.016624999999998,2004.0,324.0
-78.896,23.6555,-11.427125902014652,-7.64495,20.9486337132894,-58.104000000000006,16.095075,-48.511125,14.427425,2004.0,325.0
-84.545,25.3922,-12.309525362637366,-8.1942,22.54118326810065,-62.10625,17.3107625,-52.835125000000005,15.4509,2004.0,326.0
-84.70400000000001,25.47,-12.335442034798543,-8.2078,22.587120762887043,-62.230125,17.3404625,-52.91075,15.4838,2004.0,327.0
-66.598,20.0019,-9.573384421245423,-6.38635,17.58257738911352,-48.3748125,13.532562500000001,-40.560625,12.149675,2004.0,328.0
-72.014,21.6611,-10.39487715384615,-6.92995,19.071061420811013,-53.144,14.6609625,-43.885374999999996,13.167275,2004.0,329.0
-82.42,24.8434,-11.984660188644687,-7.96815,21.950477901242337,-60.522,16.8588375,-51.09975,15.082875000000001,2004.0,330.0
-77.788,23.4613,-11.278175439560439,-7.50235,20.669361249853992,-57.401125,15.879925,-47.758250000000004,14.2595,2004.0,331.0
-66.426,20.0294,-9.568638928571424,-6.3595,17.564769829481733,-48.43475,13.5403625,-40.4755,12.139825,2004.0,332.0
-60.11,18.1268,-8.631134221611731,-5.732,15.859243003232626,-43.3588125,12.253775,-36.678775,10.987575,2004.0,333.0
-80.813,24.4455,-11.758883532967035,-7.791799999999999,21.534254782135005,-59.3966875,16.5204875,-50.07175,14.817175,2004.0,334.0
-38.95,12.145,-5.4754546849816865,-3.47006,10.138928708383883,-27.6565375,8.0300625,-24.22495,7.175375000000001,2004.0,335.0
-34.209,10.7762,-4.782499024725275,-2.988975,8.879884074357685,-24.1501875,7.0884374999999995,-21.220075,6.324475,2004.0,336.0
-69.626,21.075,-10.088834505494498,-6.6922999999999995,18.498041710469753,-51.5925625,14.251675,-42.59595,12.7665,2004.0,337.0
-111.241,33.8384,-16.49696165934066,-11.0108,30.11990531570116,-83.1705,22.822275,-69.74825,20.58785,2004.0,338.0
-30.6345,9.7409,-4.268394693223446,-2.646875,7.9416100167263775,-21.534412500000002,6.3811625,-19.038775,5.710675,2004.0,339.0
-31.1205,9.886,-4.338302133699639,-2.69353,8.070189202320572,-21.88995,6.47945,-19.33905,5.79425,2004.0,340.0
-33.1,10.4754,-4.624623664835165,-2.88202,8.593870343279493,-23.3394625,6.8796375,-20.610775,6.1425,2004.0,341.0
-26.7918,8.614,-3.7125603333333324,-2.276335,6.9313033969718845,-18.718962500000004,5.6544875,-16.697025,5.0199750000000005,2004.0,342.0
-22.8118,7.425,-3.141679359890112,-1.922405,5.888885718285271,-15.824575,4.89605,-14.246025,4.2568,2004.0,343.0
-29.82,9.518,-4.151043730769231,-2.5748699999999998,7.733160276721879,-20.940725,6.22455,-18.549875,5.58445,2004.0,344.0
-55.454,16.8616,-7.944891804029303,-5.26335,14.623649225417456,-39.75525,11.4044125,-33.961425,10.153425,2004.0,345.0
-83.359,25.383,-12.165286404761913,-8.112649999999999,22.283295338698927,-61.359875,17.055,-51.93275,15.33705,2004.0,346.0
-59.87,18.1953,-8.59769904395603,-5.6857500000000005,15.813252555933955,-43.0785,12.2821,-36.68375,10.974499999999999,2004.0,347.0
-67.781,20.636400000000002,-9.79697133699634,-6.4764,17.986768348584462,-49.734437500000006,13.956137499999999,-41.435125,12.475275,2004.0,348.0
-87.646,26.7743,-12.854524505494508,-8.623850000000001,23.522674347984506,-64.649,17.926725,-55.205375,16.121175,2004.0,349.0
-90.781,27.7706,-13.341341300366295,-8.971699999999998,24.402970639148997,-67.02625,18.620225,-57.34425,16.7021,2004.0,350.0
-45.422,14.061399999999999,-6.45825246336996,-4.195,11.92088586262119,-32.5365625,9.474875,-28.129625,8.447525,2004.0,351.0
-98.481,30.1988,-14.569715873626357,-9.843399999999999,26.620540679383762,-73.1379375,20.1900125,-61.97425,18.1878,2004.0,352.0
-28.6,9.1876,-3.9853211263736235,-2.456405,7.426506153776642,-20.0777125,6.037425,-17.883325,5.38655,2004.0,353.0
-70.711,21.6551,-10.297036417582415,-6.862715,18.87157741925856,-52.3725625,14.536962500000001,-43.523825,13.053825,2004.0,354.0
-44.214,13.5836,-6.345023619047619,-4.16911,11.68119750037261,-31.6534875,9.1625125,-27.259775,8.139574999999999,2004.0,355.0
-24.227899999999998,7.8906,-3.3543757243589725,-2.0523100000000003,6.276831940670697,-16.879974999999998,5.2127,-15.152,4.5649500000000005,2004.0,356.0
-18.9413,6.285,-2.598517783882784,-1.609685,4.893761039329039,-13.0678875,4.1247375,-12.0063,3.4979750000000003,2004.0,357.0
-20.2434,6.6807,-2.785186191391941,-1.7220550000000001,5.235506391658814,-13.9914,4.379575,-12.758975,3.7605999999999997,2004.0,358.0
-27.330000000000002,8.8261,-3.802183043040292,-2.347475,7.097526150787595,-19.146337499999998,5.8159875,-17.108449999999998,5.1711,2004.0,359.0
-23.4223,7.6552,-3.239267285714287,-1.986355,6.069739514518424,-16.297775,5.0561375,-14.665075,4.413625,2004.0,360.0
-25.1606,8.1798,-3.489593348901097,-2.143435,6.52792589380061,-17.5649125,5.405725,-15.727425,4.751024999999999,2004.0,361.0
-27.726,8.9375,-3.86436303113553,-2.39606,7.209911716385466,-19.4597625,5.886925000000001,-17.3704,5.239675,2004.0,362.0
-38.68,12.1775,-5.462079483516489,-3.47255,10.124483441494302,-27.540625000000002,8.017050000000001,-24.215899999999998,7.2115,2004.0,363.0
-37.859,11.9387,-5.343143413919419,-3.394565,9.907914128923776,-26.9386625,7.8545125,-23.73195,7.06505,2004.0,364.0
-35.4785,11.2487,-4.992412338827836,-3.1547549999999998,9.271014153683717,-25.1665625,7.3836,-22.189075,6.638275,2004.0,365.0
